patient_id	cnv_feature_000	cnv_feature_001	cnv_feature_002	cnv_feature_003	cnv_feature_004	cnv_feature_005	cnv_feature_006	cnv_feature_007	cnv_feature_008	cnv_feature_009	cnv_feature_010	cnv_feature_011	cnv_feature_012	cnv_feature_013	cnv_feature_014	cnv_feature_015	cnv_feature_016	cnv_feature_017	cnv_feature_018	cnv_feature_019	cnv_feature_020	cnv_feature_021	cnv_feature_022	cnv_feature_023
SYN-00000	-0.53403664	-0.7591736	0.3866591	0.7988543	-0.12076914	0.22799776	-0.7565031	-0.7816592	-0.2391389	0.50287527	-0.74870265	-0.93908507	-0.6630798	-0.82945955	0.36372772	0.36969742	-0.47429	0.042159267	-0.8886739	-0.68703365	-0.055741314	0.41635928	-0.4349897	-0.17196043
SYN-00001	0.175989	0.085763596	-0.44186294	0.27537498	-0.62885135	0.48605743	0.88129526	0.6873635	-0.68150955	0.2866764	0.060920864	-0.19763729	0.54541856	0.18612917	-0.6172994	0.71593785	0.2163096	0.3518556	0.5401764	-0.24035726	0.1606892	0.34290195	-0.10124592	-0.10879543
SYN-00002	0.92280203	-0.24400474	-0.79242086	0.9590894	-0.61718315	0.9756186	0.98246175	-0.24209158	-0.39533725	0.95898885	0.09717738	0.9424951	0.83940613	-0.3688362	-0.36739936	0.89240754	-0.7886848	0.8805886	0.9593129	-0.41521746	-0.19344987	0.5418092	-0.22486131	0.93449533
SYN-00003	-0.3345549	0.07181077	0.63774514	0.86675334	0.86559707	-0.21872462	-0.45928428	0.105162546	0.25029954	0.8578251	0.917494	-0.5250072	-0.22440335	0.09950288	0.82699174	0.7044562	0.837358	-0.53666574	0.08022263	0.56581205	-0.08782377	0.13299675	0.83130974	-0.67692626
SYN-00004	-0.73420763	-0.0012521443	-0.13949099	-0.634644	0.6081972	0.8901197	-0.061083935	0.4762652	-0.11045709	-0.14933392	0.13686937	0.83368766	-0.122260824	0.51877826	0.68218887	-0.729951	0.594115	0.66793	-0.31772318	-0.082747735	0.5384374	-0.8629296	-0.41607344	0.22515374
SYN-00005	0.010661091	0.5514846	0.2890562	0.337222	-0.17314306	-0.40007335	-0.07805563	0.8049065	0.59001136	0.04650222	-0.2826238	-0.2781342	0.739817	0.96162254	0.7503421	-0.37678364	0.36877695	-0.32794708	0.30147856	0.92313504	-0.020779265	-0.7575935	-0.010817669	-0.551837
SYN-00006	-0.6764685	0.17474371	-0.15949248	-0.6193861	0.4989283	0.59200096	-0.47085005	0.44302893	-0.13944072	-0.5779888	0.25920317	0.103354804	-0.90231836	-0.058273472	-0.7951986	0.00036872036	0.3207231	0.51219356	-0.68708575	0.01013351	-0.67923373	-0.4235929	0.5661404	0.53309757
SYN-00007	0.630635	0.08825809	-0.9775302	0.3326421	-0.564909	-0.78042585	0.634005	0.32701117	-0.85601157	0.09427259	-0.55404264	0.41320023	0.28085873	-0.36915082	-0.9302038	-0.13604811	-0.70833975	-0.2382591	0.3596797	0.008889233	-0.96459204	0.18354224	-0.72182816	-0.2816146
SYN-00008	0.78474	0.8207876	-0.22472194	0.4101603	-0.52237445	0.039244764	0.79088634	0.84344935	0.40212464	0.695276	-0.95157987	-0.36820585	0.7304129	0.5308866	0.07519305	0.43507066	-0.83064324	0.090061836	0.8249699	0.89894354	0.50848013	0.35070053	-0.8878599	0.4528135
SYN-00009	0.70813096	-0.06934397	0.5513225	-0.5906814	0.75340515	0.7325059	0.33607417	-0.94772714	0.22299962	-0.09637596	0.4716731	0.638412	0.5552945	-0.12918355	0.84564734	0.108622715	0.43929738	0.9184247	-0.26001415	-0.5603397	0.17678773	-0.45641035	0.9521994	0.96891826
SYN-00010	0.6432621	0.89968175	0.05197134	0.9184584	-0.6681277	0.2190228	-0.12885326	0.941722	-0.5549036	0.9358033	-0.6337485	0.46583083	-0.260415	0.6073166	0.05297317	0.941921	0.046044335	-0.34144384	-0.82967913	0.90008634	0.27148554	0.9232165	-0.37235606	0.5329865
SYN-00011	0.46385127	-0.20203032	-0.9663627	0.2933867	0.8063563	-0.107803814	-0.040156156	-0.4004278	-0.9486375	-0.4551399	-0.15425842	-0.6068022	0.40147528	0.18062261	-0.8902781	-0.4383618	0.5876542	-0.38123816	0.58094144	-0.5991083	-0.89804494	-0.81110406	0.7017125	-0.5888283
SYN-00012	-0.04412497	0.86136353	0.5861879	0.4285785	0.5219622	-0.31007123	0.089537956	0.9210529	0.8048381	0.007557164	0.3802484	-0.78661984	0.367899	0.5742942	-0.06960796	0.760126	0.89101106	-0.4559659	-0.24907741	0.972252	0.38655147	0.64565146	0.046761375	-0.8291172
SYN-00013	0.6827699	-0.6969621	0.26759788	-0.6497871	0.7102419	-0.76921237	0.64301383	0.15716773	0.49345878	-0.6501257	0.5300588	-0.84340316	0.2250208	-0.56582224	-0.029300405	-0.89464116	0.9204032	-0.8950453	0.56831264	0.0015943877	-0.5806255	-0.92045283	0.8045056	-0.93470025
SYN-00014	-0.8082891	-0.8551194	0.09698681	0.33399788	0.9762921	0.93225676	-0.8436064	-0.85993004	-0.62961197	0.5330793	0.9204088	0.95648277	-0.17565148	-0.11851973	0.12242146	0.8425016	0.89720154	0.9726705	-0.7107203	-0.57740486	-0.69259053	0.5838223	0.8401764	0.64117014
SYN-00015	0.42541158	0.462881	-0.9718105	0.76052785	0.98303187	-0.28206137	0.87619185	0.5796037	-0.98837674	0.9239164	0.9812281	-0.02037372	0.582634	0.37773606	-0.9839853	0.85255176	0.98894244	0.48670414	0.5498358	0.030343669	-0.96366197	0.70777196	0.9976767	0.40221703
SYN-00016	-0.03437634	0.24452257	-0.17822771	-0.01806187	0.010553852	0.11393367	-0.18724626	0.11521521	0.409603	0.15998368	-0.3626095	0.5240492	-0.17608477	0.70340717	0.81703484	-0.08357782	-0.39254877	0.3886277	0.3982146	0.4958368	0.4879055	0.033454012	-0.15005878	0.2826031
SYN-00017	-0.90224934	-0.86257106	0.886163	-0.63196313	0.10236695	0.6765815	-0.847303	-0.9598262	0.92606455	0.070749335	0.66631347	0.80757797	-0.8590732	-0.88359964	0.88154185	0.26089743	0.43809444	0.9840746	-0.46371433	-0.9084201	0.92429674	-0.16919135	0.8214017	0.97744596
SYN-00018	0.9171145	0.04647219	0.6203342	-0.913597	-0.0986561	0.38152885	0.7753879	0.044836555	0.3451683	-0.7215406	-0.3722018	0.3441555	0.37209636	-0.7996617	0.12848838	-0.27973247	-0.73217666	0.5794429	0.6754666	-0.4085656	0.8331932	-0.6051322	0.75162435	0.7303591
SYN-00019	-0.24091387	-0.97639644	-0.9797291	-0.4444447	0.85637635	-0.22446693	-0.62816584	-0.9855913	-0.9599056	-0.9162557	0.8722294	0.5383063	-0.0215352	-0.95872	-0.9558412	-0.09313867	0.8242446	0.22753848	-0.17240234	-0.99492025	-0.9305135	-0.9155982	0.9527102	0.085340194
SYN-00020	0.3277171	-0.93069524	0.12748797	-0.9908961	0.35713413	0.944053	-0.08638679	-0.9728485	0.31836122	-0.98050845	0.5431532	0.8182036	-0.18715195	-0.695226	0.3572857	-0.9738146	0.48979956	0.86350125	-0.75939304	-0.944301	-0.5239103	-0.97139543	-0.055373196	0.87970614
SYN-00021	-0.748658	0.878364	-0.556147	0.76307595	-0.59649813	-0.33121648	-0.7800307	0.48671347	-0.53034085	0.40636566	-0.38643637	-0.12490738	-0.82249594	0.80616015	-0.89586097	-0.46251014	-0.736383	-0.5906777	-0.67122155	0.9083506	-0.80947214	-0.22016242	-0.63108057	0.27970704
SYN-00022	0.90396756	0.7602694	-0.34976026	-0.99405205	0.8237344	0.461352	0.9781673	0.6458954	-0.7718121	-0.98206264	0.88464695	0.73681134	0.7534594	0.7221101	-0.10299319	-0.98815066	0.95457715	0.83639216	0.9417399	0.8793587	-0.5699832	-0.9718653	0.6788268	0.7487981
SYN-00023	0.52148837	-0.4023354	0.9491509	-0.5224933	-0.30774388	-0.8698525	0.5185812	-0.81330836	0.9598911	-0.9810683	-0.6329803	-0.9005492	0.035605226	-0.32387862	0.92014337	-0.88440263	-0.77048093	-0.8696801	0.49702147	-0.83057904	0.92049325	-0.8850237	-0.6793964	-0.9621074
SYN-00024	0.5331684	-0.12910017	0.9658152	-0.2717487	-0.2209847	0.8175384	0.11357053	-0.5235522	0.94676656	-0.36721867	-0.5908714	0.5896001	0.6137757	-0.69361687	0.9155614	0.05101285	-0.41268438	-0.19984153	0.47319418	-0.13207537	0.97583306	0.3934315	-0.40952513	0.30291396
SYN-00025	-0.5779333	-0.86843073	0.48865712	-0.56541973	0.90166163	-0.2102842	-0.6462715	-0.79585737	0.8040968	-0.2716356	0.4392052	-0.038421795	-0.8563706	-0.7989435	0.47877744	-0.31802002	0.18483981	-0.38713196	-0.53254104	-0.55338967	0.65750074	-0.52561104	0.9359752	0.5452322
SYN-00026	0.08250958	-0.35422894	0.055773605	0.18721719	0.09189394	-0.85673356	-0.15993524	0.8985998	0.35220355	0.7972242	-0.53115094	-0.94849735	0.24637794	0.2569738	0.2708252	0.30221742	-0.49610075	-0.9683172	0.04227475	-0.33658585	-0.069229536	0.66198486	-0.396902	-0.9593285
SYN-00027	-0.38590416	-0.7924933	-0.87197644	0.12000032	-0.26645324	-0.90586203	0.37964213	-0.8624876	-0.62056583	0.8069659	-0.2871981	-0.9775932	0.052742288	-0.5068991	-0.21338378	-0.2031175	-0.47691464	-0.9338929	-0.21941285	-0.35601535	-0.6642626	0.7952905	-0.006441807	-0.9521066
SYN-00028	0.31121087	-0.60980713	-0.804503	0.46873873	-0.89543986	-0.1993391	0.17946246	-0.16948499	-0.97192717	0.5135036	-0.95185024	0.73882985	-0.034310468	-0.5126752	-0.9342377	0.30305648	-0.26015747	0.37104356	0.015442742	0.1936342	-0.9698699	-0.36907446	-0.84167194	0.21754533
SYN-00029																								
SYN-00030	0.90496457	0.03255436	-0.72284585	-0.46567294	-0.21511532	0.2004944	0.6618768	-0.3525895	0.747906	-0.4805076	-0.85871905	0.12944356	0.4868784	-0.18340436	0.3335999	-0.7295752	-0.8091739	-0.017099876	0.6687657	-0.48550218	0.75142545	-0.743942	-0.91441035	0.3180415
SYN-00031	0.3631418	0.38956085	0.07896467	0.9229451	-0.82458305	0.34900546	-0.33280036	0.29798132	-0.1313938	0.62662894	-0.7521686	0.4281134	0.30962294	0.5484042	-0.5559042	0.97074103	-0.6331452	0.12375323	0.51370007	0.1534408	0.01990576	0.59774286	-0.7668002	0.9053328
SYN-00032	0.5554059	0.5703697	-0.1943683	0.1348701	0.95356876	0.9552197	0.35565653	0.6503232	0.3310328	-0.08463749	0.95791924	0.043753594	0.022321757	0.8389689	-0.25992316	-0.37849775	0.8305769	-0.13129313	-0.53002757	0.83307314	-0.5129257	0.34774387	0.7611684	0.91615206
SYN-00033																								
SYN-00034	-0.9407276	0.69320714	0.54123974	0.8432724	-0.96324116	-0.9231012	-0.918092	0.16268353	-0.60818774	0.84203285	-0.88661575	-0.7583053	-0.9678964	-0.13617036	0.5549105	-0.2424433	-0.90005124	-0.83871305	-0.9721869	0.37304413	0.4497333	0.41905165	-0.940073	-0.93044597
SYN-00035	0.6449874	-0.013503513	0.5960086	0.9028414	0.38268283	-0.9597215	0.7072548	0.6182145	-0.31039956	0.8187554	0.20870061	-0.9181283	0.5811758	0.2875431	-0.14384869	0.93095154	0.17268135	-0.9186751	0.8131179	0.49095938	0.68531376	0.77252835	-0.1840507	-0.96858567
SYN-00036	-0.02337802	0.32593223	-0.05541788	0.1541633	-0.78468305	0.87734854	-0.07894409	0.51155865	-0.5947152	0.15136617	-0.81949407	0.9142883	-0.61074424	0.82945776	-0.6465444	-0.20282602	-0.5889639	0.78607225	0.2469519	0.545646	-0.124080315	-0.0083566895	-0.26375446	0.6391102
SYN-00037	0.6485474	-0.92276716	0.96536505	-0.9635878	0.9801495	-0.5837746	0.9776937	-0.9532177	0.85183847	-0.8357172	0.9438593	-0.6917766	0.8623689	-0.9351374	0.97961956	-0.89409417	0.90975887	-0.70118517	0.53389794	-0.9421455	0.9378931	-0.6724603	0.95890355	-0.79642904
SYN-00038	0.42998555	-0.05721447	0.09108713	0.16871344	-0.5681726	-0.3480282	0.82329595	-0.03835342	0.20782593	0.3632642	-0.872184	0.16732702	0.9694931	0.25104597	-0.4609508	0.2374251	-0.6696339	0.52660674	0.7750268	-0.17255227	-0.595006	0.76584345	-0.6619145	0.40708193
SYN-00039	-0.16909021	0.8237245	0.7679106	0.89187366	0.20086648	0.64444906	0.54593635	0.7868434	0.8489156	0.9680679	-0.32212144	0.11128359	0.58068436	0.5399226	0.8387704	0.9556099	-0.12326599	0.79510427	0.79108816	0.731401	0.5073127	0.8513748	0.518492	0.56085664
SYN-00040	0.024630629	-0.6433756	-0.44993436	-0.59026146	-0.10147586	-0.40344357	-0.75659406	-0.6869202	-0.7981103	-0.7718859	-0.29890075	0.49872652	-0.7545837	-0.22455715	-0.84008455	-0.102459505	0.4573191	0.25251698	-0.690529	-0.25399283	-0.67690754	-0.11078493	-0.31628218	-0.4501111
SYN-00041	0.5311282	-0.7371791	0.929934	0.30101514	0.79765695	0.6232435	0.5201869	-0.48070252	0.77112997	0.80206704	0.89293754	-0.51407874	0.6896969	-0.18570404	0.8908927	-0.24799958	0.65998983	-0.41097003	0.03517306	-0.87235796	0.8546795	-0.3409628	0.8810466	-0.45323858
SYN-00042	-0.799539	-0.19787276	-0.9976885	-0.34682658	-0.29984567	0.7672374	-0.5907581	0.02840244	-0.9883488	-0.5987321	0.31923833	0.9373872	-0.6986379	0.44893956	-0.9950641	0.8106151	-0.22198024	0.8273945	-0.29649934	-0.58584356	-0.987829	-0.03324313	-0.23485862	0.8033311
SYN-00043	-0.92668974	-0.08058363	0.08154979	-0.80586594	-0.88499814	-0.8747187	-0.9675098	0.45094907	0.31066322	-0.67169297	-0.90641284	-0.9561266	-0.95580524	0.41435662	-0.5263049	-0.3668159	-0.98399454	-0.3237512	-0.9817266	-0.64463514	-0.6579159	-0.87906444	-0.8516167	-0.77749354
SYN-00044	0.4997254	0.7149548	-0.7014051	0.015859399	0.29267824	0.6337886	0.7646973	0.6437842	-0.91097486	-0.20469722	0.54986596	-0.2867071	0.46436122	0.89534074	-0.7920386	0.30758336	0.86676586	0.71126693	0.42934602	0.75293255	-0.72606236	-0.39286372	0.6126979	0.5765128
SYN-00045	-0.8937855	-0.36027786	-0.9759496	0.40863487	0.9796652	-0.42792875	-0.9888403	-0.52393997	-0.80339897	0.6734284	0.98214823	0.044235673	-0.7995161	-0.57124627	-0.66977084	0.8300292	0.9790087	-0.08401755	-0.947361	-0.0039845696	-0.8792608	0.6471583	0.99532855	-0.2549731
SYN-00046	-0.98294	0.6278748	0.7809444	0.90405065	-0.45026305	0.7743858	-0.97287047	0.86484736	0.8993974	0.8547228	0.037169255	0.46863216	-0.9885992	0.90386593	0.59150326	0.7354129	0.37392917	0.31389114	-0.9897117	0.1697169	0.843396	0.30860883	0.1347635	0.22017716
SYN-00047	-0.18461806	0.5662148	0.7472084	-0.63004214	-0.8732519	-0.19758333	-0.551452	0.8332748	0.8510908	-0.7346872	-0.5901236	-0.7448647	0.5415357	0.40131417	0.7157397	-0.25065902	0.20109701	-0.41125652	-0.37916553	0.43096468	0.90362084	-0.56977755	-0.15359044	-0.45261973
SYN-00048	0.6750784	0.4888713	0.4519899	-0.82587594	0.75510204	0.50312674	-0.3582454	0.39160538	0.8405046	-0.94745135	0.13872844	-0.59086776	-0.40891105	0.044720728	0.94651896	-0.9147424	0.5088637	-0.5581697	-0.558625	0.17301168	0.953378	-0.8560304	0.89767236	-0.6610075
SYN-00049	-0.9938034	-0.19680952	-0.20833564	0.6415608	0.70762277	0.10821168	-0.9733323	-0.66681916	-0.3592854	0.32640707	-0.009903773	0.31613165	-0.99930984	-0.82487786	-0.23777427	0.3040935	0.12020156	-0.6608611	-0.9962142	-0.74537843	-0.74418175	0.67244595	0.13299549	-0.016798938
SYN-00050	-0.18085234	0.73282164	-0.6534902	-0.45500204	-0.633864	0.3264643	-0.39022067	0.57516634	-0.45737845	-0.91351014	0.3155613	-0.37400362	-0.71771896	0.8665299	-0.66610205	-0.6843639	-0.2391902	-0.6296603	-0.91145295	0.6531708	-0.6739232	-0.9501469	-0.7886745	-0.4128199
SYN-00051	-0.20830294	-0.811498	-0.19454658	-0.15174323	0.5514674	-0.27329192	-0.42750978	0.2667156	-0.06177341	0.39587548	0.7422911	0.3903158	-0.70584244	-0.046456527	-0.6194912	0.47422415	0.7128893	0.631859	0.2703718	0.74876404	-0.41348854	0.80334663	0.71596056	0.36732027
SYN-00052	0.58426976	0.08627898	-0.8108284	-0.70140666	0.6554564	0.58391	-0.4379702	-0.25251573	0.09815951	0.3343075	0.7933561	-0.07030002	-0.29544	-0.5373051	-0.5145454	0.4351522	0.81971014	-0.37770635	-0.5934838	-0.5516794	-0.19625457	-0.7381142	0.76682675	-0.0804322
SYN-00053	-0.8105981	-0.5923132	0.9762262	-0.15137547	-0.88348126	0.18613274	-0.9289996	-0.16351	0.97942257	-0.71475506	-0.9595515	-0.22549069	-0.92407787	-0.32302395	0.888723	-0.8093159	-0.34062818	-0.74138683	-0.9187401	-0.39985546	0.8750533	-0.44677806	-0.32490286	-0.018072298
SYN-00054	0.8788553	-0.32217133	0.63273895	-0.9444041	-0.9067212	0.48139793	0.98851854	0.14231424	-0.42436674	-0.9499331	-0.93109876	0.4240236	0.9637888	0.45079362	-0.05935032	-0.8632232	-0.89911765	-0.51485634	0.9862978	0.49305278	-0.46226123	-0.8268371	-0.95057124	0.1703015
SYN-00055	-0.53655833	0.7999619	-0.777348	0.5921526	0.92683905	-0.94954	-0.2622752	0.6218896	-0.8219099	0.63140386	0.58936906	-0.89520866	-0.23936895	-0.2683428	-0.68328595	0.7083007	0.470595	-0.877227	-0.39802426	0.799924	-0.8815677	0.7213995	0.91357595	-0.8431538
SYN-00056																								
SYN-00057	0.3554869	0.90471464	0.97826105	-0.9794827	0.46226436	0.15715097	-0.58828443	0.60859716	0.9868616	-0.9811004	0.629204	-0.22670749	0.48315594	0.96219426	0.9510108	-0.63151234	0.38781902	0.65542406	0.785254	0.9589782	0.86312675	-0.98009396	-0.51475406	0.045094885
SYN-00058	-0.739342	-0.42055318	0.38025197	0.18473642	0.50847584	-0.5183301	-0.80031	-0.5045697	-0.16029836	0.5143257	0.629612	-0.13095744	-0.87277985	-0.41358307	-0.3585108	0.5490426	0.84576696	0.47327727	-0.73736364	-0.8720661	0.5252131	0.6099937	0.38012847	-0.24400736
SYN-00059	-0.8677405	-0.978309	0.8581149	-0.15715641	-0.89517224	-0.46568653	-0.60057396	-0.96784526	0.90902483	0.082251534	-0.85073	0.020502923	-0.90015477	-0.78902715	0.6582752	0.090494186	-0.75255793	-0.13562557	-0.49732187	-0.92405236	0.93414277	-0.40014675	-0.756925	0.5750228
SYN-00060	-0.18670489	-0.56464493	0.575492	-0.661948	-0.8291883	-0.16633666	0.0510437	0.78904605	0.34224182	-0.13782622	-0.94433975	-0.3539852	0.041767742	-0.4171574	0.46099338	-0.590625	-0.9416562	-0.1577318	-0.20026784	-0.28848866	0.8688554	-0.025708951	-0.72450185	-0.24891278
SYN-00061	0.19223446	-0.42718485	-0.8091257	-0.96634865	0.74550074	0.96014225	-0.44692776	-0.56095886	-0.8984067	-0.80795383	0.79403126	0.9798237	0.058381498	-0.8745262	-0.9521228	-0.71942025	0.16343282	0.94002175	0.53444254	-0.16857179	0.05296369	-0.66360223	0.83456504	0.9592352
SYN-00062	0.12965408	-0.807975	-0.8024969	-0.9545652	0.85987455	0.11227586	0.7269642	-0.30960515	-0.6392554	-0.8848508	0.88870996	-0.21795963	0.5584344	-0.8394084	-0.18645827	-0.912826	0.948101	0.09727281	0.4192458	-0.50282377	-0.43221036	-0.8776121	0.88390774	-0.14583114
SYN-00063	-0.0985199	-0.65091795	0.6877435	-0.6337059	-0.79812914	-0.4596423	-0.15591206	-0.76648223	0.7387742	-0.97071296	-0.42440924	-0.1919306	0.255798	-0.3704994	0.31894296	-0.15468638	-0.31408265	-0.6997871	-0.6799895	-0.5426149	-0.35730502	-0.6392325	0.11659271	-0.4595675
SYN-00064	-0.97902554	0.3237226	0.72516733	0.51663685	0.97718513	0.5058839	-0.95482427	-0.15972765	0.42870006	0.34456638	0.74032485	0.43223837	-0.99058014	0.77955276	0.22953407	0.78790116	0.56390464	0.30414593	-0.97239894	-0.13353153	-0.12428644	0.62110025	0.96245193	0.34456897
SYN-00065	-0.029733252	0.27791527	-0.31284222	0.23968124	-0.4771968	-0.99305284	0.046938524	0.67464656	-0.22366726	0.65973246	-0.0932297	-0.987056	0.5208269	-0.013143821	-0.08707422	0.21972677	-0.5547682	-0.9700057	0.6020677	0.33322674	0.19667341	-0.06102762	-0.46075892	-0.9948164
SYN-00066	0.7128617	-0.81076264	-0.920022	-0.16745211	0.5637218	-0.5668422	-0.16065845	0.43383196	-0.831049	0.5116024	0.80317813	-0.9763374	0.38733128	0.42097235	-0.74521327	0.021676663	0.5149419	-0.8705331	0.3685693	0.28370926	-0.8364338	0.5586977	0.8960123	-0.7271203
SYN-00067																								
SYN-00068																								
SYN-00069	-0.87183386	0.46954256	0.4596375	-0.7696975	0.48076254	-0.16609278	-0.75013155	0.4958795	0.32577255	-0.9314401	0.53266627	0.3566374	-0.8371182	-0.7086508	-0.10994962	-0.963518	0.50464433	0.061670806	-0.5483823	0.6095308	-0.043995094	-0.9291887	0.112981394	-0.34334815
SYN-00070	0.31699178	-0.8495411	0.79569674	0.76748955	0.5402354	0.7856352	-0.6897625	0.08658936	0.6045489	0.8243524	0.32517204	0.75002396	-0.69937605	-0.36036515	0.77719975	0.41338685	-0.15798365	0.7858171	-0.16245732	0.49620667	0.118283525	0.45852682	-0.36051565	0.8608054
SYN-00071	0.4926606	0.21459728	-0.5429175	-0.66669333	-0.7691658	0.87177944	-0.4260373	-0.07775696	0.50424564	0.38888648	-0.6547936	0.88535774	0.56925535	-0.4502035	0.7550748	0.25171104	-0.75820273	0.84773713	-0.17979254	0.51828146	0.17666945	-0.74077296	-0.90975773	0.98478115
SYN-00072	0.61729926	-0.77203774	-0.60465395	-0.5334554	-0.9157201	0.72691935	0.19463536	-0.8126509	-0.82642776	-0.77931696	-0.8575583	-0.54499084	0.6869282	-0.76713926	-0.82384163	-0.8755951	-0.6338398	-0.08690287	0.594325	-0.77420217	-0.9472365	-0.8606607	-0.9390564	0.85232145
SYN-00073	0.8240217	0.5166434	0.8815152	-0.36857173	0.82986414	-0.41000554	0.9363963	0.33014503	0.98091084	-0.7051447	0.0020686635	-0.13599394	0.8051853	0.4263859	0.9627817	-0.7519773	-0.11222259	-0.8018688	0.96158886	0.59472895	0.87125283	0.28121075	0.18615507	-0.6084043
SYN-00074	-0.19303517	0.1447546	0.93448406	0.005291268	-0.73098326	0.009782093	-0.5697495	0.93291277	0.5789705	-0.101377875	0.03585974	0.5053149	-0.45346078	0.5898327	0.574047	0.91819936	-0.5374438	0.8668394	-0.287405	0.0012559883	0.03908254	0.5570669	-0.6863087	0.54924023
SYN-00075	0.8584285	-0.16610551	-0.8931575	0.2156959	-0.027079742	-0.14928596	0.13140363	-0.10747658	-0.8851916	0.38846475	0.2533599	-0.7703555	0.7674531	0.32961527	-0.8930727	0.6542904	0.48693097	-0.7367072	0.32239193	-0.16208358	-0.7196011	0.09329689	0.2879533	-0.35085866
SYN-00076																								
SYN-00077	0.5232128	0.94308436	0.9263578	-0.63412195	0.943518	0.55946654	0.48526284	0.78798246	0.91759473	0.04197954	0.94084305	0.024369998	-0.19062921	0.90237874	0.8813223	-0.55323493	0.72311586	0.70888674	0.717335	0.9727373	0.8820477	-0.28283918	0.9529908	0.8759202
SYN-00078	0.56254154	0.33290356	0.8638822	0.14083314	-0.37667018	-0.9810863	0.79794395	0.7503449	0.56498605	0.54472125	0.02711525	-0.98650056	0.7334118	0.1569014	0.5864071	0.6943698	-0.3784434	-0.9804215	0.7864678	0.014567719	0.43006146	0.57459056	0.490114	-0.977946
SYN-00079	0.8310694	0.9070433	0.8820852	-0.8788174	0.46183947	-0.95388335	0.6560255	0.77120066	0.7362988	-0.68412286	-0.54458445	-0.6996091	0.61831653	0.9871394	0.82406783	0.10788508	-0.1329615	-0.974991	0.7831719	0.21309108	0.51942724	-0.3375648	-0.4089415	-0.9368022
SYN-00080	0.96758205	0.21745752	0.4336531	-0.3476824	-0.99437016	0.6652018	0.89666986	-0.059773725	0.54365754	-0.46115533	-0.9729973	0.83654	0.89123774	0.40501183	0.82297564	-0.768384	-0.99238	0.7328463	0.9605632	0.46080896	0.28034323	-0.43112382	-0.99210274	0.26359966
SYN-00081	0.94396025	0.9829368	-0.07583887	-0.2805182	-0.6366945	-0.77586496	0.9386472	0.90811455	-0.57161236	-0.26474404	-0.25817436	-0.8406751	0.77006584	0.75468534	0.22040291	-0.70441264	-0.19039589	-0.6945298	0.87587214	0.91443837	0.044530574	-0.86825764	-0.36369166	-0.287493
SYN-00082	-0.7512306	0.32842907	0.15566859	-0.024742883	0.5815478	-0.049519263	-0.3354338	0.42683548	-0.5184588	0.4811296	0.5073596	-0.39217404	-0.33580756	0.52373046	0.52260274	-0.4004112	0.5417764	0.021036085	-0.85375124	-0.33732012	0.10274499	-0.57270426	0.46568573	-0.36657664
SYN-00083	0.9873741	-0.41764474	0.86192507	0.67576706	0.30190116	0.62010616	0.9857435	0.07855398	0.65737885	0.86787	0.672512	0.81855506	0.9950608	-0.39959428	0.96503824	0.36170936	-0.13737905	0.13871902	0.98934597	-0.32337782	0.9604135	0.5151189	0.60330534	-0.28533503
SYN-00084	-0.66497296	-0.28988862	-0.3033297	0.6143364	0.45914635	-0.9793737	0.46738818	0.82881045	-0.69796157	-0.055495895	0.9183904	-0.97110003	-0.40459764	-0.033294726	-0.10642219	0.17097591	0.8192313	-0.9725305	0.31672537	0.26825538	-0.73819077	0.21040246	0.27050596	-0.9938407
SYN-00085	-0.93342507	-0.8536575	0.5116988	0.8465969	-0.3474252	0.74013746	-0.8405657	-0.8006393	0.90089697	0.6795967	0.020189412	0.9045792	-0.9724901	-0.8211238	0.8095021	0.07132855	0.1931972	0.98017085	-0.724264	-0.88593626	0.65399057	0.7843001	-0.21235326	0.9824378
SYN-00086	-0.7383409	0.4144331	0.78667146	-0.21358462	0.9199011	0.2807797	0.068616614	0.49328816	0.6264123	-0.4146118	0.7601125	0.022681527	0.17655656	0.6630915	-0.008147158	-0.17226633	0.6782925	-0.63314277	-0.24928142	0.23162071	0.7533311	0.6216805	0.50375134	-0.43764356
SYN-00087																								
SYN-00088																								
SYN-00089	0.24977024	-0.03729314	-0.30844113	0.39585665	0.4119295	-0.718112	-0.41320336	0.40855214	0.23119347	0.21108915	-0.047088742	-0.9240425	-0.2798127	0.35945585	0.11323549	0.3727371	0.62668407	-0.9420937	-0.8334487	0.58867496	0.4290566	0.7600261	0.22135866	-0.954521
SYN-00090	0.90759414	-0.20057632	-0.5047501	0.6368846	-0.287593	-0.6705981	0.7261345	-0.70740616	-0.5346822	0.6873817	-0.5016319	-0.62597376	0.5934326	-0.4369362	0.26402262	0.8662488	-0.7499779	-0.8424575	0.70560575	-0.64524037	-0.6566667	0.5320961	-0.8159252	-0.577797
SYN-00091	-0.89569736	0.6370824	-0.79777235	-0.27609506	-0.9733714	-0.36030275	-0.9837952	0.8991034	-0.9626372	-0.8815575	-0.9603544	-0.5940766	-0.82377595	0.60026777	-0.9415055	-0.94904995	-0.9644507	-0.12038463	-0.9732069	0.9332262	-0.9413088	-0.42409387	-0.9925611	-0.37268174
SYN-00092	-0.9560857	0.9536068	-0.7609681	-0.9404619	0.27227482	-0.56408125	-0.90817446	0.74322224	-0.4494684	-0.846071	0.3630113	-0.823331	-0.9633913	0.8603248	0.022692213	-0.8808902	0.62448096	-0.74927527	-0.97007596	0.8200052	-0.1057554	-0.64929134	0.12000939	-0.4442142
SYN-00093	-0.0596199	0.32497022	-0.6242583	0.6808913	-0.90057987	0.028998042	-0.3454329	0.33284485	-0.28746486	-0.55689317	-0.18845168	0.018239351	0.25606582	0.4472492	-0.6329608	-0.6755899	-0.2993661	-0.62283367	0.39727792	0.685823	-0.82650733	-0.21419051	-0.8548021	-0.18408781
SYN-00094	0.99704236	-0.9735134	0.9436309	0.28149903	-0.5857436	0.7082316	0.9946392	-0.98668724	-0.32932565	-0.53885615	-0.682623	0.930068	0.98656905	-0.75122434	0.78661627	0.59567183	-0.60188645	0.86786133	0.99438435	-0.9699057	0.46544024	-0.16183986	-0.8600898	0.9637333
SYN-00095	0.624317	-0.27383214	-0.3436544	-0.7177908	-0.34066236	-0.5976352	0.90542775	-0.85321593	-0.07001555	-0.7503722	0.81157815	-0.6382029	0.7038837	-0.74901754	-0.22176401	-0.36154097	0.41667724	0.69246113	0.79071885	0.010733633	-0.1498221	-0.62634075	0.063670434	-0.1692311
SYN-00096	0.47653586	0.03613518	0.28134248	0.7721538	-0.52953243	0.10455035	0.31242508	0.024507241	0.33356324	0.97411835	-0.69149375	-0.5689065	-0.17350864	0.34917447	0.81211376	0.8311102	-0.5789551	-0.15564421	-0.02474496	0.6265696	0.17162243	0.94037783	-0.83771193	-0.9447439
SYN-00097	0.99668366	-0.6754119	0.8820702	-0.73958164	0.74711955	0.03280981	0.9655525	-0.35632882	0.7825829	-0.8129281	0.7580166	-0.37026113	0.98373187	-0.47453025	0.95931506	-0.90967447	0.18506512	-0.5240698	0.9964677	-0.36143398	0.8680808	-0.7488492	0.19129747	-0.4670091
SYN-00098	-0.13423356	0.5323052	0.4821378	-0.10225485	-0.28491077	0.6946251	0.8826338	0.58080196	0.97294366	-0.15157442	-0.18497469	0.41394195	0.27042803	-0.8048337	0.7320152	-0.5326227	-0.052087076	0.030945929	0.36689857	-0.6452554	0.9407865	0.056121808	0.7146147	0.4367643
SYN-00099	-0.19195502	-0.991217	-0.8480667	-0.05436774	0.8558571	0.9064718	-0.51467675	-0.9714477	-0.9475426	-0.39564508	0.9177762	0.9874157	-0.8537944	-0.96435994	-0.93108314	-0.0901305	0.86144656	0.97282636	-0.29049683	-0.96316785	-0.7367578	-0.2901748	0.98803085	0.975729
SYN-00100	-0.982237	-0.22590823	-0.28841674	0.8074022	-0.84094995	0.42930475	-0.53119934	-0.119530134	-0.40422234	-0.25221708	-0.8654663	0.35546395	-0.88297415	-0.6377893	-0.2779597	0.5613834	-0.8076709	0.6893857	-0.9858124	0.044737604	-0.4771395	0.3690764	-0.8902759	0.3139277
SYN-00101	-0.83173394	-0.755978	-0.7129265	-0.9158907	0.3392977	-0.6558738	-0.7776919	-0.6232405	-0.061890766	-0.93395555	0.5349273	-0.8042492	-0.81123185	-0.5612321	-0.67518634	-0.96645796	0.6271329	-0.24127519	-0.48501602	-0.7184513	-0.77330416	-0.85136175	0.36287266	-0.795777
SYN-00102	0.9283408	0.68901885	0.7696234	-0.55563754	0.8637751	0.8753425	0.8762822	0.78747404	0.85246813	-0.038935203	0.9333098	0.6221378	0.88366747	0.54684305	0.828698	-0.65179545	0.83711183	0.8582116	0.81686044	0.86788815	0.5732049	-0.67733693	0.8424411	0.95024925
SYN-00103	-0.051520146	-0.150026	0.9235991	0.01064117	-0.34076056	0.8849705	-0.5066716	-0.5953947	0.8575133	0.103499904	-0.8094352	0.938601	-0.107437246	-0.34403107	0.9707701	-0.26954246	-0.60933363	0.71632415	-0.7226428	-0.23838781	0.70630985	-0.32369322	-0.8270537	0.14053783
SYN-00104	0.89768547	-0.82570326	0.82066923	0.26607785	0.5805266	-0.09251013	0.9216021	-0.8585637	0.49999627	0.367735	0.49677888	-0.5016383	0.96354645	-0.5129751	0.24218263	-0.3194947	0.8242046	-0.4587615	0.8222273	-0.8371302	0.17368083	0.62208813	0.5557268	-0.8015164
SYN-00105																								
SYN-00106	-0.6538899	-0.20558754	0.9845629	0.6166739	0.78030735	0.04348591	-0.94181275	0.19926935	0.9169827	0.46127757	0.753258	0.24896693	-0.8134001	-0.76938534	0.9735703	0.65666467	0.65266895	0.5204373	-0.8594279	0.15185544	0.96770656	0.7352901	0.12237587	0.25145137
SYN-00107	-0.33849427	-0.13665241	0.7354538	-0.9398613	0.97861993	-0.9037	0.03533447	-0.86651736	0.5734722	-0.8190313	0.9923351	-0.82656735	-0.55064386	-0.7874463	0.38490057	-0.21718268	0.9547683	-0.7744888	-0.6251089	-0.92049176	0.30611083	-0.7489411	0.9870721	-0.92732155
SYN-00108	0.3333826	0.356511	-0.9094248	0.18007171	0.57279927	0.88073355	-0.31744167	0.1544251	-0.44043806	-0.04239118	0.5415269	0.7615715	0.27378356	0.251175	0.027151095	-0.20383242	0.6112941	0.7741417	-0.3556386	0.060474172	-0.44038495	-0.18044348	0.45585832	0.80880064
SYN-00109	0.114715345	-0.17083941	0.5539039	-0.0983875	-0.34435168	0.19591954	-0.10508784	-0.044580813	-0.0933481	0.029388497	-0.19849813	0.122250296	0.23007378	0.24836354	0.8642201	0.10700124	-0.90695673	-0.0050345142	-0.10925295	0.6750938	0.03138179	-0.4864774	-0.601289	0.15795076
SYN-00110	0.7040504	-0.15412422	-0.6155996	-0.56373143	0.80651325	0.74402636	0.5957778	0.5027089	-0.5104419	0.52467144	0.4271221	0.33482298	0.6773225	0.744033	-0.5496377	-0.26203182	0.48614112	0.7648106	0.88728714	0.6237679	0.31940246	0.45036435	0.2786727	0.44022807
SYN-00111																								
SYN-00112	0.4627798	-0.607051	-0.994311	0.85247594	-0.6506108	0.63428974	0.7668517	-0.9563755	-0.92606205	0.54521734	0.5234544	-0.3147275	0.67061377	-0.9038902	-0.9585158	0.905195	0.35363767	0.007873121	-0.302252	-0.76298404	-0.8946708	0.84466046	0.6915026	0.28241593
SYN-00113	-0.97362864	-0.44648108	-0.1023802	-0.41642612	0.6993911	-0.48339176	-0.86212426	-0.46215266	0.27036718	-0.03031347	0.9552812	-0.9462871	-0.94691354	-0.44773027	0.06975683	0.50873405	0.57663065	-0.65533304	-0.92788345	0.1867214	-0.12563121	-0.30058053	0.8859878	-0.76703095
SYN-00114																								
SYN-00115																								
SYN-00116	-0.77674824	0.43717924	-0.15265378	0.8247506	-0.44066095	-0.087611504	-0.8814975	0.33396158	-0.30853775	0.69229865	-0.6911339	0.5838863	-0.9181471	0.49615622	-0.31580085	0.2626819	-0.58202773	0.8542045	-0.9035704	0.93920267	-0.5028594	0.49720463	-0.10068939	0.7977946
SYN-00117	-0.22938076	-0.6311536	0.94203293	0.7761621	0.22769514	0.7133699	-0.52775943	-0.56719655	0.7689501	-0.054846484	0.06397427	0.45169628	-0.7056037	-0.87646925	0.9474216	0.5944826	0.20694032	0.71067154	-0.70220715	-0.62280315	0.74529225	0.55803204	0.6215962	0.8961856
SYN-00118	0.9498063	0.7172302	-0.57966566	-0.71697867	-0.12529673	-0.3787371	0.9298694	0.7163362	-0.05662478	-0.57481486	0.6395939	-0.489824	0.9225935	0.5225933	-0.7560335	-0.7325143	0.5645606	0.14075534	0.3458346	0.2888034	-0.6154013	-0.82042474	-0.7281073	-0.34102124
SYN-00119	-0.93299675	-0.9616011	0.898576	0.8435727	-0.2586106	0.10962876	-0.7407462	-0.9739869	0.045048874	0.9362595	-0.31433514	-0.1055336	-0.6956563	-0.97680616	-0.009670208	0.9365778	0.26802796	-0.7635609	-0.9798111	-0.9368105	0.38200557	0.7425136	0.38860476	-0.30380383
SYN-00120	0.63298845	-0.5534634	-0.41606805	-0.13612172	0.4929547	0.44103912	0.17787996	-0.15919848	-0.33423087	0.2819318	0.75881845	0.17295164	-0.031467095	-0.18058734	-0.61263794	0.56137854	0.19180518	0.5020008	-0.015160445	-0.1370538	-0.5157209	0.38215753	0.97984374	-0.0020964514
SYN-00121	0.7565014	0.74640256	0.6139144	-0.7351188	0.801779	0.3147024	-0.7629204	-0.19379255	0.5794591	-0.815503	0.92425096	0.7535929	-0.16987032	0.6864194	0.22611251	-0.8095684	0.81880236	0.6725528	0.1852211	0.18389829	0.94733876	-0.45261645	0.84917694	0.6060192
SYN-00122	0.35542563	0.61811215	0.13463703	-0.9044665	-0.2841738	-0.11038502	0.016746514	0.23531052	0.43648443	-0.1500604	-0.07684115	-0.58258516	0.3988923	0.3338324	0.07685245	-0.8162869	0.6431594	-0.17454697	-0.08808209	0.819075	0.36482865	-0.72131133	0.591795	-0.5338964
SYN-00123	0.8406587	-0.7337747	-0.4966956	-0.7895098	0.85799044	0.33399454	0.81851983	-0.6489895	-0.48163483	-0.843158	0.5861151	0.21709438	0.0927565	-0.5284308	-0.9055094	-0.9451328	0.81938946	-0.5207215	-0.06003872	-0.7425981	-0.80593044	-0.8877557	0.97378075	0.32929587
SYN-00124	-0.6083352	0.09849356	0.9771123	0.2300414	-0.5194775	-0.19964418	-0.06202852	-0.79875547	0.9700252	0.19507204	-0.078336306	-0.2540921	0.040274143	-0.85323715	0.9950278	0.04834274	-0.30947635	-0.9295578	-0.5829629	-0.93448395	0.9712796	0.23301494	0.04735724	-0.7118027
SYN-00125	0.8087767	0.16616774	-0.9038855	-0.30633998	0.8936064	0.8668677	0.9704439	0.21014784	-0.5867568	-0.38279992	0.95191914	0.6654003	0.281451	0.45491666	-0.57314974	0.28521052	0.93930376	0.87763476	0.68447524	-0.17731261	-0.6956245	0.5367893	0.3137226	0.89071816
SYN-00126	0.767285	-0.9049628	-0.8947885	-0.08313796	-0.9024657	0.5189821	0.9247566	-0.75838864	-0.88127124	-0.48980886	0.55000126	0.06550031	0.9685482	-0.05431313	-0.85472727	-0.54973984	-0.5886047	0.05999995	0.8478193	-0.40482405	-0.94089913	-0.61279505	-0.7002969	-0.469412
SYN-00127																								
SYN-00128	0.826342	-0.58548313	-0.4498034	0.926848	0.87975013	0.76254857	0.9726299	-0.7719173	-0.75722706	0.9436466	0.8641137	0.89518464	0.9448627	-0.5987586	-0.07238104	0.943608	-0.034842454	0.345407	0.617529	-0.8842958	-0.6970422	0.91034776	-0.40598154	0.7984688
SYN-00129	0.7899691	0.8276508	-0.16566685	-0.5314742	0.67898065	0.943128	0.68272763	0.8477689	-0.83583516	0.0069422415	-0.15175642	0.988896	0.6481279	0.82647544	-0.7698306	0.08815977	-0.59986764	0.9873771	0.8289009	0.9249343	-0.68979317	-0.37895098	-0.20475428	0.99398565
SYN-00130	0.77047354	0.2614736	0.8252969	0.46442518	-0.026721658	0.68701667	0.37956065	-0.29468822	-0.2832255	0.37750068	-0.028064232	0.47128585	0.83281046	0.11992765	-0.13607743	-0.24499696	0.022849597	0.58230734	0.7939702	0.525988	-0.5701701	0.035809588	-0.49958247	0.8413689
SYN-00131																								
SYN-00132	0.8828121	0.748466	0.9446909	-0.17346324	-0.24669665	0.16781056	0.6035905	0.6793772	0.8409151	-0.013184032	-0.4563399	-0.08068966	0.6415628	0.9116275	0.92532957	0.24922214	0.08879507	0.25694215	0.83393633	0.8970624	0.9607085	0.6454056	-0.38484117	-0.5842626
SYN-00133	0.3886432	-0.9574727	-0.95519906	-0.9612558	0.57771635	-0.6537141	0.6329286	-0.8736683	-0.9710886	-0.97133803	-0.57892776	-0.20830068	0.56168735	-0.916378	-0.709753	-0.96513456	0.4091637	0.27774385	-0.14764224	-0.99192053	-0.7953145	-0.9855031	-0.54545057	-0.44641078
SYN-00134																								
SYN-00135	0.49115115	-0.6639688	-0.8649666	-0.3912763	-0.7150703	-0.8483027	0.13903937	0.050192166	-0.89167476	-0.5234393	-0.05051142	-0.25332153	-0.51548684	-0.21132001	-0.91513896	-0.7728134	-0.86434567	-0.641015	-0.26813835	-0.33547643	-0.40185696	-0.25171846	-0.9876455	-0.8225049
SYN-00136	0.8817244	0.32331216	0.4920398	-0.91867745	0.306331	0.8580925	0.9303056	-0.16201402	-0.13501105	-0.5710745	-0.16562746	0.7885129	0.76717395	0.60303944	0.81860536	-0.49956307	-0.6561431	0.9069523	0.6992495	0.4713567	0.3849153	-0.6979379	-0.43216962	0.84497124
SYN-00137	-0.5981953	-0.073448434	0.39362967	0.9637219	0.95698375	-0.106828235	-0.7715465	0.11981965	0.52101487	0.77385694	0.35240948	-0.042162202	-0.6900252	-0.4544766	0.27522266	0.8760522	0.90740937	0.52157587	-0.7663587	-0.83404994	0.29847234	0.730239	0.9191046	0.16996402
SYN-00138																								
SYN-00139	0.9931108	-0.92920893	0.21023504	-0.9084156	-0.29903746	-0.40472135	0.78175503	-0.80360764	0.120439224	-0.8316447	-0.119277574	0.087922096	0.86203355	-0.9802983	0.40693557	-0.74204004	-0.36774388	-0.32328355	0.96816593	-0.93158656	0.5751883	-0.33497015	0.2347827	0.16560996
SYN-00140	0.9772387	0.011120717	-0.9390363	0.73419935	-0.977157	0.42445004	0.94612753	0.11374834	-0.9539978	0.9677086	-0.9200171	0.76218	0.92491543	0.4023749	-0.6904022	0.93031675	-0.68563706	0.57097495	0.9778406	0.7007037	0.39901385	0.93606937	-0.6961693	0.17451033
SYN-00141																								
SYN-00142	-0.93927956	0.719157	-0.9255705	0.7827249	0.0822129	0.17663385	-0.6990691	0.89404297	-0.15237841	0.45137292	-0.19123115	-0.57407254	-0.8158396	0.5848853	-0.8886381	0.6156985	-0.27282956	0.6397671	-0.9563445	0.83699757	-0.8348518	0.6140481	-0.31567127	0.43947068
SYN-00143	-0.665059	-0.31742433	0.8757866	-0.15850559	-0.81312716	0.18617694	-0.22471662	-0.5626613	0.30476776	0.0688273	-0.8650743	-0.06573125	0.19093093	-0.13448723	0.4864786	0.24379496	-0.6860953	-0.5540581	-0.53013724	-0.7285093	0.8979754	-0.46978092	-0.2646766	-0.75575125
SYN-00144	0.7252946	0.13973957	-0.106763735	-0.03294585	-0.40150088	0.986821	0.23260693	0.42571595	0.21335004	-0.11671341	0.28042993	0.9436352	0.08603618	-0.11408126	0.04856987	-0.31351104	0.09431327	0.9804413	0.1271148	0.23049973	0.17465943	-0.43877324	0.6776045	0.99405366
SYN-00145	-0.32127944	-0.9983882	-0.98441625	-0.5498587	0.7628237	0.8963695	-0.5076462	-0.97945887	-0.2900879	-0.7267356	0.91135937	0.7904854	-0.28869495	-0.98725176	-0.22168083	-0.781651	0.701027	0.9758371	-0.5215847	-0.9961681	-0.7413239	0.2577218	0.7859862	0.8713121
SYN-00146	-0.48492765	0.37930208	-0.08916287	-0.88050807	-0.73155695	0.15262064	-0.74577135	0.5213457	0.19290315	-0.6816612	-0.0900403	0.8480469	-0.39717695	0.19896616	0.247289	-0.9081264	0.1906448	-0.16483837	0.15223576	-0.32703754	0.5755649	-0.9669914	0.41133472	0.25350007
SYN-00147	-0.77138346	-0.062161546	0.85329	-0.86075634	-0.329137	0.45699015	-0.3478336	0.2126164	0.8197519	-0.86725074	0.7767657	0.50603545	-0.5848627	0.81361616	0.9180312	-0.98523706	0.1721673	0.89273906	-0.83555996	0.030425722	0.8350898	-0.79670495	0.37428364	0.91037786
SYN-00148	0.17148298	-0.8364153	-0.42293432	0.3800725	0.87700444	0.95260316	0.9028375	-0.92426986	-0.71699333	0.09659438	0.89154464	0.837197	0.9174916	-0.53851813	-0.685245	-0.10168762	0.7356182	0.6806795	0.6445295	-0.8215204	0.19448408	0.19734241	0.9774809	0.79357064
SYN-00149																								
SYN-00150																								
SYN-00151																								
SYN-00152	0.46436718	-0.2030109	-0.84168375	-0.049532853	-0.5889679	-0.7585718	0.39781502	-0.9218346	-0.5550005	-0.54023474	0.59830576	-0.8217475	0.21858068	-0.5168039	-0.8421698	-0.20659457	-0.21084526	0.14173919	0.67325383	-0.6076453	-0.9271682	-0.5398294	-0.78606504	-0.9112671
SYN-00153	0.54751474	0.982508	-0.2686239	0.19317561	-0.41105086	0.8578007	0.11768937	0.9608162	-0.7152336	0.38918316	0.08784371	0.9180583	0.013526788	0.96009225	-0.37053567	0.553258	-0.13980633	0.8470122	-0.012592554	0.9637332	-0.57730514	0.021166392	-0.2816126	0.92004603
SYN-00154	-0.54526025	0.88251376	0.14597453	0.21954241	-0.8816061	0.00579287	-0.74116945	0.52003634	0.608312	0.65677524	-0.87097967	-0.14049888	-0.59273106	0.40361568	0.23745072	-0.10624418	-0.91073275	0.6362999	-0.87612134	0.31439263	0.3747938	0.87550044	-0.8347944	-0.3743849
SYN-00155	0.13031396	-0.8707227	-0.14182308	0.43244323	0.9111073	0.65647197	0.9353344	-0.90813714	-0.7793143	0.5722025	0.968418	0.81084865	0.7657234	-0.8992599	-0.54021907	-0.1521136	0.93448824	0.021261135	0.9292143	-0.97894096	-0.734612	0.3871168	0.9706239	0.9055418
SYN-00156	0.878327	0.07031829	0.2094997	-0.28266284	0.23944478	-0.07721574	0.91720456	-0.7857679	-0.016127536	-0.1703682	-0.26097056	0.4725985	0.88892347	-0.47464913	-0.6819917	-0.8674596	0.26596776	0.05532327	0.7709669	-0.18799993	0.34520784	-0.80394775	-0.50537807	0.477871
SYN-00157																								
SYN-00158	0.7054028	-0.37504262	-0.768964	-0.37218776	-0.4133871	0.53393596	0.57732695	-0.39611328	-0.8252352	0.7729497	0.13568825	0.7226283	0.52404517	-0.6054459	-0.78014344	0.4229603	0.2263652	0.9072689	0.35081154	-0.13924338	-0.53896344	0.80656123	0.0005266789	0.7419258
SYN-00159	-0.40326878	0.91430074	-0.56303537	0.8446935	0.83566755	-0.8997557	0.14047813	0.9775828	0.63761854	0.83801687	0.7193608	-0.824294	0.2907259	0.9347013	-0.7403308	0.8788113	0.7167974	-0.87348753	-0.48467594	0.8402387	-0.038311366	0.9213463	0.47057092	-0.9108326
SYN-00160	-0.22336586	0.97366226	0.019403582	-0.79479164	0.57544166	0.9127085	0.03951468	0.7332847	0.21885705	-0.46805906	0.1279196	0.9247551	-0.39099368	0.95336026	0.40683594	-0.15132329	-0.0036591592	0.83763593	-0.7314359	0.90751404	0.5048738	0.08801206	-0.026830642	0.9421655
SYN-00161	0.23561533	0.43344215	-0.96365684	0.9327564	-0.8287204	0.7867863	-0.11300043	-0.6049493	-0.9654933	0.9172701	-0.9681533	0.7925601	-0.19155662	-0.1942855	-0.9884429	0.8810292	-0.73058254	0.8009066	0.09029131	-0.66461796	-0.98325354	0.91134816	-0.7998288	0.3897448
SYN-00162	-0.9212682	-0.74545693	-0.41637874	0.67826986	0.17039797	0.17997697	-0.9882008	-0.7094073	-0.049845967	0.3754072	-0.5356442	0.5507719	-0.861275	-0.74224406	-0.5784617	0.231586	-0.4290056	0.28162876	-0.9046527	-0.4514413	-0.7614419	0.6148925	-0.07767879	0.45834517
SYN-00163	0.97688687	0.011909285	-0.56320775	0.29170987	-0.8461949	0.30496645	0.7418168	-0.1346979	-0.69482	0.378271	-0.65608627	0.8100381	0.94809216	0.021153124	-0.7532935	-0.62935984	-0.87895226	0.87521464	0.98979455	0.01641533	-0.50569487	-0.7725154	-0.35335588	0.7437946
SYN-00164	0.38032296	0.6104907	-0.8424554	-0.9744281	0.20128217	-0.14544731	0.5447732	0.047910344	-0.83733296	-0.9379242	-0.24158873	0.18432677	0.33219674	0.65724003	-0.7940789	-0.9832701	0.05242337	-0.036454856	0.755059	-0.43057886	-0.7808195	-0.98618406	0.5782691	-0.45287672
SYN-00165	-0.8720679	-0.6194811	-0.6430371	0.4602706	-0.92006314	-0.5288397	-0.62231773	-0.30001825	-0.5668642	-0.58583724	-0.9900973	-0.6961144	-0.5200672	-0.6169032	-0.42265186	0.24893978	-0.93261486	-0.63789225	-0.85832584	-0.4827341	-0.24874663	0.4400783	-0.9667303	-0.7290803
SYN-00166	0.89894515	-0.7711975	-0.559553	0.54383504	-0.2933638	0.87293404	-0.042726494	-0.9248106	-0.37313548	-0.22524197	-0.045398947	0.96088797	0.5601533	-0.99325895	0.4648036	-0.45224407	0.09584359	0.9555102	0.16608712	-0.9822498	-0.529401	0.54565054	0.7457763	0.9065184
SYN-00167	-0.09403283	-0.269517	-0.2210843	0.14138061	-0.28206012	-0.9097425	0.057133615	-0.8005621	-0.648349	0.23282714	-0.57398003	-0.97578794	0.27966926	0.0061313137	-0.2678791	-0.38272208	-0.75564903	-0.84543186	-0.48035213	-0.5003342	-0.49570805	-0.43630618	-0.8601623	-0.95661515
SYN-00168																								
SYN-00169	0.91350454	0.36480534	0.7699494	0.8016753	0.029410614	0.48138562	0.6370126	0.038174495	0.882343	0.5422208	-0.61588544	0.13438389	0.79638046	-0.19182108	0.64427906	0.23387536	-0.33286104	0.3939399	0.9613144	0.35055158	0.8064715	0.66010535	-0.6213109	0.7030344
SYN-00170	-0.67913	0.21011436	0.7120805	0.9849814	-0.8727391	0.8690974	-0.7736394	-0.437152	0.96122485	0.9874272	-0.77193254	0.96928644	-0.6360981	0.03071086	0.6875082	0.9643948	-0.6828876	0.77397734	-0.68545014	-0.08599294	0.606154	0.9913651	-0.5968262	0.9243962
SYN-00171	0.9164848	-0.718814	0.7350682	0.81404305	-0.49838272	0.81351787	0.93294084	-0.8893298	0.29584706	0.9506126	-0.5168959	0.11037774	0.8813937	-0.6697056	-0.114513844	0.6102647	-0.718357	0.34227994	0.6758833	-0.15543151	-0.3528766	0.7675539	-0.86423826	0.41000915
SYN-00172																								
SYN-00173	-0.6417336	-0.36159453	-0.04708915	0.64444405	-0.4333446	0.7217342	-0.65102106	-0.3393381	0.24509655	-0.042503778	-0.5042415	0.91177833	-0.70007616	-0.44440684	0.46724707	-0.17969209	-0.48840842	0.7562579	-0.1631808	-0.47055462	-0.51196176	-0.265452	-0.5985915	0.87808824
SYN-00174	0.072759435	-0.5987878	0.6908199	-0.8115946	-0.51664615	0.48162824	-0.26889133	-0.9584296	0.7003324	-0.61354643	-0.950777	0.068795085	-0.13155526	-0.2793212	0.95923954	-0.36887318	-0.06784216	0.578351	-0.14195183	-0.798592	0.9421603	-0.69678223	-0.5323483	0.5881264
SYN-00175																								
SYN-00176	0.33416855	-0.83654857	0.4475388	0.714073	0.109806135	-0.0337544	-0.15901673	-0.6794472	0.15642494	0.18667285	-0.115604006	-0.22314364	0.73912156	-0.9444782	0.06615224	-0.21075347	-0.24554905	-0.4183207	0.5241259	-0.06319038	-0.2834242	0.54843134	0.1856466	-0.6215553
SYN-00177	0.11647517	-0.3989463	-0.8225655	0.91764367	-0.7087503	-0.08967893	0.5276634	0.489902	-0.7962116	0.97464	-0.88959897	-0.7289513	-0.46861556	-0.3179706	-0.27097717	0.8351351	-0.84739965	0.20993455	-0.19162332	-0.50416625	-0.36006922	0.757713	-0.42571384	0.5617141
SYN-00178	0.0033928277	-0.9628136	0.7253642	0.90355617	-0.37624034	0.32887688	0.19451106	-0.92566335	-0.10681073	0.83898693	0.22368157	0.6625344	0.3663748	-0.970228	0.59773564	0.7199895	-0.028095182	0.009119755	0.82946897	-0.98421085	0.13795415	0.9348472	0.14614072	0.37550014
SYN-00179	0.07669482	-0.19903167	0.617102	-0.49424687	-0.19309352	-0.8757366	-0.70526004	-0.75447273	0.6400307	0.11523717	0.7110139	-0.82185847	-0.40613255	0.20429288	0.60917175	-0.40922755	0.16948351	-0.95466626	0.53507835	0.2175543	0.43741354	-0.20121615	0.6567365	-0.97039133
SYN-00180																								
SYN-00181	0.9878799	0.06324466	-0.8767922	-0.8823831	-0.6404434	-0.35185638	0.93958217	0.2596496	-0.9678921	-0.9453572	0.63072056	0.1897694	0.96362764	0.54121274	-0.64460456	-0.9676077	0.1415365	-0.48433512	0.9652091	0.23164897	-0.4040596	-0.9839914	-0.03236669	-0.05372062
SYN-00182	0.7760653	0.5981333	0.8477028	-0.44685912	-0.89545846	-0.1842185	0.80651575	0.65577763	0.39973173	-0.81264114	-0.8887067	-0.31851867	0.94448304	0.4935576	0.61828566	-0.6987473	-0.7378341	-0.7992337	0.92500097	0.63343614	0.75362664	0.041363053	-0.5425887	-0.31122404
SYN-00183	-0.81134754	-0.04077462	-0.446627	0.6294766	-0.08019989	-0.84252805	-0.29494527	-0.21756642	-0.5369654	0.17751352	0.18986756	-0.84150654	-0.81031376	0.20054945	-0.86786747	0.7790572	-0.68164074	-0.97601235	-0.6184354	0.59670085	-0.20701906	0.7772998	-0.3751332	-0.9691228
SYN-00184	0.6003634	0.98199856	0.91700125	-0.9637247	-0.9594732	0.9265469	0.6041509	0.9931299	0.4543379	-0.9337176	-0.5874162	0.9444093	0.9678668	0.9966763	-0.60527426	-0.96953875	-0.81186897	0.8354874	0.7348349	0.9961428	0.79487795	-0.9042486	-0.8168085	0.7151494
SYN-00185	-0.3738303	-0.296586	-0.42959407	0.8301791	0.72036743	-0.5587538	-0.045736056	-0.34397238	0.44730127	0.7567154	0.47889656	-0.8574634	-0.38280812	-0.009405833	-0.2415661	0.7704271	0.18574142	-0.05849913	0.35878667	-0.7719341	-0.21666324	0.91993475	-0.18796149	-0.8663881
SYN-00186	-0.5302982	0.26618224	-0.30501026	0.872587	-0.3482658	-0.80020577	-0.7097666	-0.712513	0.1665564	0.8325293	-0.4835992	0.10538106	-0.4357594	-0.24522193	-0.7762939	0.91453797	-0.7102551	-0.64805967	-0.25575033	-0.57186234	-0.3507692	0.8575539	-0.8658548	-0.5932727
SYN-00187	0.95052266	0.7509995	0.9715501	0.041902177	0.5160944	-0.18007465	0.90464234	0.94516426	0.94581085	0.68156904	0.9445164	-0.6084351	0.9881452	0.8877247	0.9657277	0.18908517	0.37773526	-0.8039908	0.66252965	0.8406505	0.8979512	0.35152185	0.5189152	-0.43238622
SYN-00188	-0.74090004	-0.63283163	-0.079146564	0.11562933	0.45655128	-0.63811094	0.101214945	-0.7912994	0.56673807	0.3847445	-0.043561634	-0.22828743	-0.062304944	-0.9701593	0.18732306	0.4749648	0.47565943	0.26537788	-0.5008847	-0.8645198	-0.09019326	0.7629193	0.86381537	-0.30169356
SYN-00189	0.44162327	0.5099775	-0.76717705	-0.3972101	0.977231	0.24217282	0.06947782	0.57350504	-0.2669001	-0.47391218	0.5870264	0.48263755	0.52872247	0.53083026	-0.85205585	-0.6554247	0.74289906	-0.15464081	-0.022555487	0.9459619	-0.34899315	0.1499723	0.84497225	0.3167618
SYN-00190	0.81010866	0.24403366	0.73780537	-0.43127725	-0.9381829	-0.9439569	0.44175953	0.5548636	0.46421355	-0.89260876	-0.9475099	-0.9293095	0.91260123	0.6524486	0.37665716	-0.7298181	-0.9457575	-0.88401675	0.66261756	0.560128	0.8138389	0.57486254	-0.67227256	-0.8376751
SYN-00191	0.15760358	0.027027015	0.79288834	0.76129544	0.9928906	-0.5467257	0.6851605	0.73333645	0.9390606	0.43243837	0.9816559	-0.29356325	-0.066494144	-0.2507477	0.9369331	0.6247633	0.9203052	-0.7172427	0.28051078	-0.18354823	0.91307455	0.13905583	0.9384444	-0.28591257
SYN-00192	0.6904408	0.66261744	0.7894058	-0.52729505	-0.45061633	-0.79442924	0.92489326	0.23633668	0.86061907	-0.82620716	-0.31810078	0.34567395	0.8683739	0.76500064	0.5141454	-0.124434434	-0.8193258	-0.51458293	0.9623104	0.8809722	0.93032277	-0.8929494	-0.9152793	0.31639463
SYN-00193	0.8376111	0.67747205	0.7561084	-0.9516914	0.97385347	0.9186123	0.95509666	0.6909801	0.9031273	-0.5422805	0.6171611	0.75898683	0.96650714	-0.1011975	0.6757125	-0.8424331	0.9518018	0.81657887	0.9248591	0.0642165	0.94807434	-0.7259915	0.9170472	0.22591019
SYN-00194	-0.025912914	0.38383806	-0.0002509434	-0.026356865	-0.8212243	0.63274634	-0.33540884	-0.69378126	0.4437909	0.7230463	-0.21297228	0.51414514	-0.7716345	-0.42265204	-0.23328163	0.8808114	-0.3313559	0.5944893	0.0026040387	-0.7432832	0.16154003	0.42492083	-0.38750207	0.79796576
SYN-00195	-0.75174636	0.9309644	0.8684485	0.82156175	-0.8220097	0.5814394	-0.9361971	0.95327395	0.8572752	0.78481156	-0.34839582	0.7960193	-0.84746027	0.797378	0.7631362	0.8135151	-0.030971855	0.41220573	-0.82931775	0.92889726	0.6710428	0.6982568	-0.42973608	0.6598657
SYN-00196	-0.83566874	0.84716153	-0.63422996	-0.46626282	0.9023991	-0.571423	-0.5296417	0.9123228	-0.59905773	0.4820404	0.18637487	-0.5257614	-0.92435265	0.90172726	-0.69990087	-0.17459643	0.60947007	-0.1892368	-0.7185125	0.7071806	-0.5001908	-0.11727833	0.9184512	-0.732765
SYN-00197	-0.9521615	-0.6694262	0.065147914	-0.8124508	0.6362566	-0.10294087	-0.64723223	-0.13604404	-0.29824015	-0.5672922	-0.2672708	-0.38171542	-0.98177326	-0.79308796	-0.20453542	-0.06459739	-0.67878705	0.0855472	-0.9895051	-0.71951914	-0.47849497	-0.48382917	0.6898616	0.39768794
SYN-00198	-0.044460725	-0.32644936	0.030050088	0.7117789	-0.8440935	-0.7730356	0.23521154	-0.83959097	-0.7981269	0.38067222	-0.5770823	-0.22150116	0.01801835	-0.44799766	-0.16991605	0.7105019	-0.71152824	-0.876105	-0.11675847	-0.5719935	0.217857	0.42956027	-0.5949253	-0.8947301
SYN-00199	-0.20468289	0.9880122	0.9890626	-0.9915409	-0.20200743	0.14267762	-0.23585725	0.979216	0.9086483	-0.9742097	-0.7660827	-0.0011099471	-0.13569327	0.72786444	0.98717684	-0.9947462	-0.34147802	-0.11718712	0.5388887	0.94471776	0.9806229	-0.9651119	-0.089828655	-0.6486916
SYN-00200																								
SYN-00201	-0.47283766	0.10936499	0.719221	0.9886856	-0.82537246	0.63062555	-0.8327715	0.8141006	0.45671478	0.9650719	-0.54873914	0.5362293	-0.4003255	-0.07080438	0.6147932	0.97082174	-0.015266265	0.70294005	-0.8674456	0.42731428	0.5410282	0.956454	-0.75125724	0.7575016
SYN-00202	0.75436944	-0.41763675	0.7037215	-0.40210715	-0.49710038	-0.48200196	0.21190047	0.10492547	0.6179393	-0.5187403	-0.7360028	0.074826434	-0.4136219	-0.24238512	0.9337635	-0.6419081	-0.77045345	-0.6071517	-0.2887658	-0.32149705	0.25413224	-0.030457843	-0.5709513	-0.22404975
SYN-00203	-0.79347014	-0.9136348	0.6486209	0.66935384	-0.7417307	-0.859512	-0.7211397	-0.34032342	-0.3373059	0.55803853	-0.91523963	-0.9756091	-0.9446228	-0.88269234	0.22257453	-0.20217118	-0.4255332	-0.80462956	-0.43878573	-0.81745505	0.3689992	-0.1857238	-0.7874109	-0.80520695
SYN-00204	0.17190352	-0.18845612	-0.3605314	0.46612105	-0.62751234	-0.52704483	0.86512095	-0.24403194	-0.5452964	0.2507689	0.015101001	-0.6447879	0.783999	0.50117064	-0.0946508	-0.8633629	-0.210887	-0.7180544	0.8436757	-0.59321165	-0.408042	-0.5122895	-0.39556217	-0.61921227
SYN-00205	0.72752035	0.736709	0.20530525	-0.9962438	0.18786217	0.25210872	0.79306334	0.87113714	0.1064003	-0.99743944	-0.6632664	0.17469412	0.80290186	0.75565284	-0.33312476	-0.9879941	-0.29675147	0.40963736	0.7485856	0.8355526	-0.65347195	-0.9712812	-0.091086954	-0.5272394
SYN-00206	0.42421922	0.49245375	0.86198395	-0.0025760091	-0.98826075	0.54715747	0.72969097	-0.27694497	0.78316927	-0.21164688	-0.9917519	0.8798577	0.34454936	0.7120492	0.4768878	0.2836166	-0.925525	0.9764319	0.97863144	0.057677645	0.27642766	-0.85121834	-0.98763907	0.90793544
SYN-00207	0.98325855	0.82248884	-0.7448685	0.56342864	-0.032075983	-0.9559896	0.9582566	0.65767	-0.7827271	0.6738736	0.5488049	-0.71890974	0.89127016	0.2440719	-0.818864	0.88192	0.19681291	-0.88231254	0.9948995	0.72104543	-0.94239384	0.60950065	0.2912333	-0.9680438
SYN-00208	0.09683058	0.98619723	0.72748375	-0.31088904	-0.9005309	-0.34797123	0.4624546	0.9978401	0.29832247	-0.62317604	-0.64339954	-0.77434534	0.47982046	0.93785757	0.42306075	-0.02774807	-0.86535925	-0.48669878	0.25717592	0.9698425	0.028769787	-0.28405637	-0.5602469	-0.60810447
SYN-00209	0.9822688	-0.26097277	-0.01389346	-0.90805936	0.56400585	-0.5600739	0.8930716	0.056081694	-0.6940338	-0.31934693	0.67896354	-0.08794742	0.90823555	0.25356928	0.46694493	-0.7715052	0.6055502	-0.8138385	0.9737605	-0.5116574	0.52986306	-0.23990437	0.5999241	-0.77269393
SYN-00210	0.3258944	-0.6852936	0.8337263	0.9759479	-0.37345257	0.43679112	0.87804437	-0.34509483	0.29479575	0.91185427	-0.48527065	0.7713773	0.4200653	-0.8831862	0.5781282	0.78334194	-0.91691816	0.63662446	0.3474035	-0.56432885	0.5019513	0.32338735	-0.52011716	0.5100299
SYN-00211	0.44102818	0.67089754	0.759071	0.86913174	-0.990937	0.012212932	0.7180147	0.67694044	0.49998492	0.8302664	-0.935606	0.16944925	0.7259675	0.116344914	0.50749457	0.8635429	-0.9795978	0.2425719	0.81743413	0.66743416	0.60841006	0.5934638	-0.9591419	0.10966459
SYN-00212	-0.74353653	0.0015691009	0.95035005	-0.106888056	-0.50247914	0.24471937	-0.8878073	0.25976008	0.8823894	-0.60874516	-0.25343502	0.54640096	-0.72756976	0.009974587	0.55392414	-0.18636039	-0.40230215	0.28131858	-0.6492984	0.01967118	0.8128881	0.43564165	-0.58414537	0.9571966
SYN-00213	0.9524259	0.0042391466	-0.3008938	0.4908516	-0.4086458	0.7399123	0.96754885	-0.017901	-0.47335434	0.5593062	-0.23344293	0.48733863	0.96304923	0.30408072	0.09570764	0.376971	-0.12008018	0.7849144	0.96740735	-0.21900798	-0.7212737	0.3871093	-0.17677142	0.4450235
SYN-00214	-0.65072435	-0.7796733	-0.9654323	0.38717178	0.2953636	-0.8449499	-0.6603788	-0.21359399	-0.986804	-0.45033556	0.6212645	-0.6986822	-0.7037818	-0.7780671	-0.96952295	-0.40584484	0.5969256	-0.34413403	-0.85967803	-0.47337458	-0.9476689	0.11676196	0.19672237	-0.7048108
SYN-00215	-0.82485354	-0.015898602	0.9862715	-0.6571611	0.72735107	0.045937907	-0.73408407	-0.11252243	0.971922	-0.82900006	0.6001748	-0.41905165	-0.777236	0.09212614	0.9836834	-0.8297727	0.68752295	-0.6918962	-0.83389074	-0.19853544	0.98051643	-0.8586701	0.78422105	0.23367731
SYN-00216	-0.9842553	0.41658455	-0.041914575	-0.65421677	-0.09738491	-0.7922129	-0.9799515	0.94433874	0.66581243	-0.66888654	-0.5421739	-0.5571038	-0.99132	0.4959378	0.009035554	-0.7710086	-0.30725014	-0.5308978	-0.9814992	0.7370589	0.42352134	-0.6881615	-0.14772408	-0.49651307
SYN-00217																								
SYN-00218	-0.3047638	0.9243807	-0.30329785	-0.92822987	0.9584855	-0.017426385	-0.52635026	0.73264414	0.04563717	-0.7076174	0.97458565	-0.77755994	-0.14290519	0.7443749	-0.38137063	-0.73927355	0.97642624	-0.8065568	-0.5991875	0.9214512	0.33947644	-0.831063	0.9565978	-0.84066
SYN-00219	-0.25600234	0.83035946	0.72786593	0.49317682	0.14852013	0.9666761	0.10972686	0.9389368	0.49189767	0.6642565	0.71340615	0.9812875	-0.7562063	0.85269207	0.89820063	0.16877946	0.63328516	0.97330844	-0.7260531	0.9328047	0.79817986	0.10370566	0.41111416	0.98533046
SYN-00220	0.95836055	0.642497	-0.07260939	-0.982892	0.8195619	-0.35424125	0.9708863	0.46296185	-0.18650259	-0.9058214	0.6597688	-0.79404026	0.92844206	0.46302456	-0.12459007	-0.990706	-0.031530004	0.017113809	0.9666758	0.6316101	0.28193676	-0.9517349	-0.36823073	-0.34530228
SYN-00221	0.97447014	0.51667076	-0.0352468	-0.39568955	0.72264796	0.04398984	0.9323622	0.6190286	0.41815805	0.2534672	0.4240767	-0.15394564	0.965245	-0.19777471	0.087858304	-0.5090701	0.2675002	-0.08377826	0.98274374	0.27225927	-0.37792218	-0.15933912	0.7239894	0.34966537
SYN-00222	0.72402334	0.9193316	-0.029680185	0.4492001	0.93947315	0.777144	0.891777	0.7118845	-0.09045295	-0.19410726	0.2165039	0.71503395	0.4497294	0.9423825	0.035820566	0.60877657	0.8480751	0.7628558	0.9144981	0.95902056	-0.1867063	0.4920912	0.46491888	0.47569087
SYN-00223	-0.79111964	-0.38616616	0.5704522	-0.37447557	0.46423474	-0.9819312	-0.7875208	-0.5639283	0.29199287	0.3441234	0.7978428	-0.9495527	-0.89926964	-0.7188316	0.11307657	0.41291022	0.14383891	-0.92228705	-0.967245	-0.650046	0.30575836	-0.26200792	-0.7480303	-0.9935774
SYN-00224	-0.81460476	-0.9542845	0.92732036	-0.0456772	0.17991476	0.2792182	-0.94563043	-0.98316246	0.7225051	-0.6065348	0.20598148	0.76835024	-0.95071596	-0.954996	0.9866192	-0.8879992	0.4795576	0.84448916	-0.86066	-0.9633341	0.8463343	-0.97615004	-0.44047803	0.74437153
SYN-00225	-0.81094277	-0.8588625	-0.09275923	-0.942144	-0.1127148	-0.18580306	-0.75335824	-0.8517689	0.14206243	-0.9409349	0.63674754	-0.59025425	-0.25771594	-0.7232619	0.13521452	-0.994693	0.33573186	-0.11514334	-0.14127232	-0.83554333	-0.53004265	-0.9733689	-0.4551867	-0.133632
SYN-00226	0.3742377	-0.9603451	0.3006229	0.65913206	-0.270189	0.36951315	0.5409155	-0.9844289	0.21300985	0.68687034	-0.2178384	0.004192743	0.89290965	-0.9711183	0.5904741	0.36508602	-0.75289154	0.642441	-0.37100095	-0.9140818	-0.42046434	0.8131281	-0.7841332	0.17772155
SYN-00227																								
SYN-00228	0.13223942	-0.75256	-0.0067227823	0.81477916	0.45880362	0.66472197	-0.3493263	-0.86355627	0.1279064	0.06823387	-0.074553184	0.8906781	0.029904094	-0.74389154	-0.41598126	0.8690868	-0.074498005	0.26650783	-0.85590845	-0.7940467	-0.77188426	0.8355737	0.46042347	0.31638765
SYN-00229	0.5735128	-0.09489053	-0.30333495	-0.8291828	0.1327446	0.62051815	-0.87876606	-0.6032386	-0.46558148	-0.57336104	0.12029756	0.8923608	0.6627254	0.05711483	-0.7119142	-0.9724831	-0.16048041	0.7487259	0.4577908	-0.24702151	-0.3599226	-0.9517476	0.11086055	0.9032031
SYN-00230	-0.38808498	0.4860219	-0.72735995	-0.59170204	0.23970953	-0.15649034	0.12246069	0.8300281	-0.77327967	-0.49928287	0.3276886	-0.046270452	-0.0054842113	0.44304556	-0.6725356	-0.88534343	0.2500307	0.6928179	-0.7080825	0.91825163	-0.5868683	-0.35357597	-0.0137851	0.7461825
SYN-00231	0.66230595	-0.19506551	-0.06300569	0.72848505	0.2603162	-0.066207975	0.5677147	-0.3049974	-0.68864536	0.5311507	0.23374139	-0.4261408	0.59527534	-0.56662345	-0.41664082	0.07472684	-0.21790093	0.29408976	0.089291885	-0.4981702	0.16290615	0.5017881	0.533403	-0.8193197
SYN-00232	-0.8224825	-0.5670144	0.937449	-0.5383567	0.29500812	0.47486064	-0.72456354	-0.963948	0.9797697	0.23084949	0.74217224	0.8148505	-0.28855878	-0.81359124	0.86608183	0.34448814	0.19775233	0.106923416	-0.59134316	-0.78167504	0.8643555	0.23277992	0.46528006	0.7754294
SYN-00233	0.3620308	0.19031176	0.3503621	-0.7710626	0.119245335	-0.76748455	0.68846095	0.19227317	0.64975286	-0.95902383	0.6847111	-0.8443911	-0.34409449	0.48698848	0.413582	-0.92509305	0.34171522	-0.430165	0.321368	-0.38300392	-0.5799364	-0.6645845	0.3637037	-0.48970768
SYN-00234	-0.37581524	-0.2307701	0.9929396	-0.8107399	-0.8227544	-0.038992707	-0.3024645	0.09938366	0.9782084	-0.96640843	-0.9609537	-0.36506906	-0.4803127	-0.17356673	0.99755496	-0.9098796	-0.9374215	-0.25460297	-0.7463588	0.42924443	0.9459714	-0.9187981	-0.96952814	-0.032450594
SYN-00235	-0.8974815	-0.38952953	-0.92968255	-0.022173217	-0.5476105	-0.6441239	-0.88357216	-0.3399505	-0.9580777	0.50315404	-0.32877943	-0.890374	-0.98777384	-0.060938492	-0.99737424	-0.23628281	-0.45994034	-0.6758479	-0.97490823	-0.14431606	-0.83436084	-0.23518068	0.5230758	-0.50573695
SYN-00236	0.93714577	0.07242048	0.83086187	-0.93568206	0.76791435	-0.8071642	0.88053745	0.3334608	0.6766402	-0.21660568	0.5821155	-0.76554286	0.9438619	0.7112876	0.2905456	-0.8853953	0.6322135	-0.31898522	0.7183827	-0.14421503	-0.23720083	-0.90160483	0.44436657	-0.7262422
SYN-00237	0.96253943	0.8705255	0.3312623	0.40404788	0.17202653	-0.73133653	0.90945566	0.2832645	-0.33212066	-0.08936924	0.7257743	-0.37595832	0.92888254	0.73804367	0.8062055	0.82938373	-0.517013	-0.17367892	0.9876703	0.6618237	-0.7288882	0.47215053	0.3742657	-0.81916964
SYN-00238																								
SYN-00239																								
