patient_id	mirna_feature_000	mirna_feature_001	mirna_feature_002	mirna_feature_003	mirna_feature_004	mirna_feature_005	mirna_feature_006	mirna_feature_007	mirna_feature_008	mirna_feature_009	mirna_feature_010	mirna_feature_011	mirna_feature_012	mirna_feature_013	mirna_feature_014	mirna_feature_015	mirna_feature_016	mirna_feature_017	mirna_feature_018	mirna_feature_019	mirna_feature_020	mirna_feature_021	mirna_feature_022	mirna_feature_023
SYN-00000																								
SYN-00001	4.360321	4.6724854	4.439355	4.3310094	3.248899	4.1134214	4.869488	4.046529	3.2102752	4.7048435	4.6240435	4.5278587	4.4207673	4.1039786	4.0049076	4.7395515	4.0564466	5.7483025	4.1552925	3.8771892	4.1246243	4.4002767	4.632525	5.012777
SYN-00002	5.5855055	3.6937237	3.217532	4.7597384	4.1755	6.099087	5.6283946	4.1134534	3.1275182	5.291685	3.7292228	6.689434	5.6563826	3.2699046	2.817811	4.943358	2.8403955	5.47978	5.863289	4.5419207	3.4198754	6.005419	3.5223703	5.4726286
SYN-00003	3.5731556	4.5175047	4.578657	5.340515	4.8835807	3.4995666	2.6097126	4.536985	5.693969	5.294613	5.8621974	4.8712826	3.8275182	3.3914278	4.811808	5.4142118	5.2453833	3.8835797	3.896162	3.8667624	4.9179134	5.018107	4.8252673	5.145773
SYN-00004	3.2433145	4.5924916	4.587051	3.6217582	3.76219	5.7287135	3.1889238	4.454788	4.3845053	3.4125805	4.0428987	5.859379	3.2918606	5.0227275	4.322826	3.3568053	4.669735	4.4788666	4.083014	3.6315114	4.054348	2.774127	4.318591	5.1114464
SYN-00005	3.4379864	4.843372	4.412308	4.3424954	4.3887706	3.2504253	4.264779	6.4043474	4.1445055	3.9334288	5.312023	3.51047	5.246102	6.699388	4.138848	4.746028	4.3909693	2.7970836	4.8922644	4.727775	4.823199	3.6178832	4.409682	3.1761582
SYN-00006	2.76576	3.2372704	3.7790582	2.9529161	3.3546422	4.293646	2.0798984	4.355695	3.3254113	3.2559578	3.3389266	4.294899	2.8372846	4.1801324	3.4439876	3.3268623	4.137658	5.716603	3.1426141	5.609882	3.2883115	3.919174	3.9205804	3.8323796
SYN-00007																								
SYN-00008	5.3748236	5.5440435	3.5671148	4.704914	2.6015005	4.3643355	5.497248	4.820473	3.961634	3.7989576	2.7478547	3.6180654	5.2103953	4.9158854	4.150969	3.3433828	3.2999907	4.4238873	5.3651204	5.0634584	4.4087033	3.5736337	2.7672977	4.507189
SYN-00009	5.692223	2.8344302	4.012535	3.9784126	3.9995532	4.7933702	5.0645046	3.318573	3.8252785	3.3514411	4.0458426	5.093892	4.721332	3.779014	4.8717456	3.407508	4.8905993	6.0310984	2.8246198	3.021471	4.8501525	3.2583656	4.6998863	5.171652
SYN-00010	3.039818	5.8518643	1.9449539	7.0020266	3.6116796	3.1616063	3.1790879	6.8949895	3.700989	6.6786485	4.057018	2.8137345	3.785101	5.680418	4.2843575	6.2932224	4.4758086	4.4682198	2.8567383	5.272706	4.5028114	5.5647798	2.865542	3.540074
SYN-00011	4.929432	2.9872084	1.0327737	3.1678298	4.9940963	3.8115096	3.5884943	3.3656602	2.095943	3.4881957	4.5743318	3.2485754	4.108958	2.948998	2.5834577	3.0344944	5.652252	2.7064848	4.321752	3.0442777	2.3191135	3.0808043	4.059291	3.4853516
SYN-00012	4.493114	4.999126	4.461943	5.9010825	4.3374453	3.1559315	4.3488116	5.4408283	3.4592912	5.197768	5.5554714	3.2556686	3.0064273	5.5586824	4.516901	5.0006075	5.090784	2.9446056	4.2266994	5.7992234	4.8651156	4.505035	5.2065706	2.5121024
SYN-00013																								
SYN-00014	2.363433	4.5989494	3.5996737	5.2489786	4.6327415	6.5942593	3.6238868	2.902872	2.3056824	5.6618147	5.64085	4.429625	2.9102054	3.6264198	3.5753758	4.1375904	5.503003	5.702411	3.3902235	3.1070569	4.9055123	3.847811	5.302335	6.2225275
SYN-00015	4.4145064	4.262134	2.8525176	5.4451203	6.973897	3.6562033	5.499992	4.331351	1.7673659	5.8586683	5.847451	4.4219723	4.708933	4.881795	0.66584086	5.2715807	7.2302284	4.652344	5.3221197	4.371449	1.7827532	4.738596	6.8920283	4.9591684
SYN-00016	4.0805955	4.457996	4.0917487	4.9830503	3.278557	5.170112	4.007874	4.3223953	4.3579416	4.0307775	3.4153748	4.0549912	3.6663666	4.1103334	5.0368576	4.265961	3.4965029	4.133207	3.9156175	4.797706	4.7169805	4.2688403	4.762616	4.1813226
SYN-00017	3.5578985	2.38559	5.1693296	3.9254851	4.785455	6.374798	2.4824734	2.061531	5.411687	3.5282118	4.7016287	5.7487226	3.2168026	1.9626698	4.5715446	3.6661787	4.0839486	5.804674	3.0284183	1.5726659	5.2957377	3.9736905	4.1002016	4.4576025
SYN-00018	5.603185	3.2592814	4.9073873	2.9558713	4.135248	3.5681243	5.913624	3.78082	4.583272	2.9892898	3.4004955	4.990586	4.7148404	2.7749398	3.986111	2.406743	3.7052014	4.478061	5.5514536	3.2706358	4.452451	4.21336	3.3787756	4.0716414
SYN-00019	4.0475082	1.1608584	2.7503476	2.3610973	5.542736	3.843385	3.8660564	0.72415614	1.6452079	3.5406675	5.81402	4.8494377	4.222382	1.144989	1.7222657	3.6976187	6.1944485	4.567778	3.726347	1.610465	2.7264032	3.9772034	4.9194784	5.392701
SYN-00020	3.7917826	2.825427	4.555441	1.3028932	4.2575545	5.608152	4.3214216	3.1328166	3.3219664	2.5810323	4.3401165	4.5402794	3.673482	1.857945	3.934187	1.7372394	4.6628046	4.7086425	4.0330467	2.6011772	5.168268	1.3721008	3.7271795	5.507169
SYN-00021	2.9099	4.2818513	2.9192019	4.225593	5.498398	3.9060094	2.8158016	5.231779	2.9303615	4.9948225	3.8254666	4.441263	2.925541	5.002962	3.2476058	4.418866	3.3248215	4.1949477	3.5810719	5.072448	2.7213168	3.6771288	4.8801064	4.4520564
SYN-00022	6.5915165	4.2704306	3.0450106	1.1790843	4.833193	3.5427098	5.1025186	4.880641	2.7599897	1.3463142	4.656204	4.2868514	5.096286	5.6877723	3.9233115	0.40675807	4.868666	4.368679	5.5273438	4.5641246	2.818623	1.3443289	3.7812214	4.895689
SYN-00023	3.9819756	3.948042	5.050132	2.2786918	2.9471288	2.4210854	4.456248	3.725912	5.9009657	2.8783493	2.7315335	2.376184	4.1649613	4.4746385	5.9147015	1.8715906	4.396061	1.9186518	4.897754	3.6744695	5.365015	2.8753986	3.270987	1.9167929
SYN-00024	4.780573	3.459548	4.8606057	4.938121	5.1592393	5.057769	4.268065	3.1997616	6.003916	3.1931686	3.8346138	4.173126	3.7572525	2.917632	6.2867684	4.212348	3.4341412	4.26243	4.7102685	4.0877304	5.434376	3.7833598	3.3366444	4.003947
SYN-00025	2.5886304	3.265347	4.252093	2.4798672	4.6516194	5.218029	2.3577933	2.807304	4.6547894	3.0763795	4.992979	4.1515775	2.893381	3.2784226	4.453086	3.2414627	4.7794695	4.5488877	3.828175	3.1543713	4.75009	3.0117896	4.2536077	4.8538737
SYN-00026	4.683014	3.9099555	4.064418	4.79722	4.234205	1.9304047	4.9175153	3.9355931	4.0926566	4.149239	3.149722	1.706106	3.7149382	3.7343638	4.478757	4.7080274	4.2111344	2.0591383	3.690649	4.350888	3.5781536	4.274866	3.342567	2.012445
SYN-00027																								
SYN-00028																								
SYN-00029	2.34427	5.1741858	5.100042	4.6484995	2.8283896	4.3409214	2.9870458	5.0617933	4.6969624	4.7114844	2.9328713	4.8824596	3.5818896	5.182686	3.7461913	2.783873	2.7279086	4.7766643	3.042106	4.668351	3.6916358	4.438051	3.3069906	5.2878942
SYN-00030	4.6532464	3.7191653	5.2243357	1.728858	3.2294385	4.313617	4.146155	3.7810018	4.016244	3.6158292	2.5722961	3.333775	4.604105	3.1788807	4.737948	3.1170654	1.8074503	5.026284	3.826894	4.4160824	5.155351	3.1081753	2.811872	3.5969212
SYN-00031	3.9121206	4.5949435	4.203034	5.815955	2.6128829	4.9837513	3.94066	3.9646938	3.7325103	5.0449204	2.5722299	4.908757	3.005008	4.4355793	3.9923308	4.791962	2.1701536	3.4243345	3.9279444	4.084514	4.846998	5.785083	3.734981	4.356097
SYN-00032	3.6871717	4.9920845	4.169457	3.6382449	5.341937	4.568117	4.760579	5.201615	4.076161	4.5056925	5.209859	5.065385	3.8267717	5.162925	2.9632668	4.655914	6.5671043	4.197883	4.505734	5.484758	4.8556294	5.3854594	5.641781	5.0913696
SYN-00033	4.58709	3.6917615	4.288449	2.7666929	4.00976	4.445512	5.490531	3.1864326	4.431636	2.6856537	2.8791792	5.3060184	5.059307	2.4413524	4.266118	2.9262748	2.2381961	5.781348	4.5149293	4.070198	4.1145577	2.062336	3.2340014	4.861912
SYN-00034	3.3178215	3.333753	4.153376	4.535423	1.2578743	2.3397655	2.2402496	4.5501275	3.6066833	3.9871626	2.2389507	2.4888473	2.6794977	3.7948997	4.241275	4.021944	2.5845866	1.4371862	0.96981645	4.155647	5.186519	4.113748	2.5038877	1.372201
SYN-00035	5.165495	4.29396	3.500581	5.8865943	3.8467588	2.626511	4.832894	3.3779755	4.18277	5.9123907	3.5000138	2.2455788	5.746236	4.028452	4.7091904	5.899459	5.032075	2.6176062	5.7666492	4.010355	4.3781414	4.771555	4.4463787	2.5481808
SYN-00036	3.0998583	5.163998	3.936968	3.9604988	3.475711	5.1842213	3.4716277	4.092594	2.8130896	3.1459422	3.402483	6.774577	3.2192154	4.8408575	3.3881032	3.293787	4.6463027	5.199176	2.4413505	4.5684524	3.5744119	3.3586967	4.020976	6.069005
SYN-00037	5.77631	1.2765229	5.3713017	2.2552028	6.257427	3.3082101	5.3728085	2.243468	5.526787	3.4879396	6.3154335	2.8400135	5.459795	2.2034616	6.5307574	2.5702677	6.2027063	2.456246	5.179315	2.1677756	5.9908724	3.281585	5.5120096	2.877937
SYN-00038	4.3823595	3.5726414	4.3600807	5.0474873	2.9571424	5.029089	5.265189	4.0956984	3.7550988	5.473915	2.3260467	4.422824	4.9148602	4.0023766	3.548225	4.586402	2.469549	3.9614823	4.9608703	2.5204782	4.7896075	4.4276237	3.1881044	4.274053
SYN-00039	4.5724945	5.429656	6.2042375	4.769613	4.2639303	3.8352504	4.1647606	3.368861	5.2305737	4.656637	4.5305977	4.026165	5.064028	4.8072762	5.398736	6.223878	4.3269525	4.9072924	4.220019	4.763118	4.605136	5.5300813	4.3119397	4.754898
SYN-00040	3.7575707	3.3395975	2.5508685	3.8434913	4.7036104	4.2945814	3.9293878	3.5645216	1.4995005	3.3742275	5.4268246	4.0478506	3.3251154	3.0898137	1.9941792	5.0930166	4.3981557	2.6903586	3.1889548	3.114679	2.2539415	3.7240748	3.8573327	3.0845017
SYN-00041	4.6742444	2.587089	6.259184	4.1486235	5.174431	4.241263	4.389603	2.350001	5.3667793	4.3793178	4.829388	5.135636	4.489542	1.577884	5.4074364	4.236873	4.3521147	3.8696911	5.2864265	2.3165588	6.220278	3.3851733	4.6426387	4.3948627
SYN-00042	3.090265	3.499709	0.49605536	4.511978	3.6689513	4.703546	3.3888652	3.086005	0.07938647	4.4045825	3.8310993	5.5670433	2.0578113	3.7325437	-0.3838601	4.86135	3.4226892	5.890572	2.7180686	3.2384148	0.5857146	4.2364516	4.480352	5.1723523
SYN-00043	1.6387765	4.0074162	3.7351696	3.69399	2.0366871	3.3307264	2.327239	3.7230606	2.6804986	2.352757	2.393917	3.024043	1.9075866	4.044721	3.8330991	2.247199	2.6167643	2.8973908	1.9947321	3.922929	2.8696208	2.0504966	3.1693747	1.8050928
SYN-00044	3.7275279	3.8630857	2.7607021	3.6023984	4.375077	3.4191644	6.8414373	4.043481	2.9988427	4.0623126	3.431051	3.484879	4.842819	5.60929	2.9497783	4.59671	5.1010613	3.166105	4.5601277	6.089148	3.730951	4.5809298	4.412711	3.376847
SYN-00045	2.8931723	3.6460233	1.5576441	5.440489	8.0315895	3.8750527	2.5853732	3.0752368	2.8459466	4.7432437	6.611884	2.1787539	2.945582	3.0000286	1.9271202	5.553335	7.3379602	3.5116017	2.8916144	3.4303145	3.1506639	5.096223	6.6124697	4.1311784
SYN-00046	1.4834707	4.940686	5.751185	5.155706	4.655278	6.081362	1.7171166	4.6098804	5.7695007	4.9839883	4.222079	3.821539	2.2002568	5.205846	6.6755567	4.526525	3.8864017	5.719637	1.4570909	4.3221416	5.9990373	5.3663673	3.984073	4.697135
SYN-00047	4.429824	5.453363	5.35788	3.1650844	3.322528	3.2376194	4.1938357	4.348305	5.181394	3.8176656	3.574545	3.3865237	4.0071945	5.6271486	5.543979	3.953485	3.2486758	3.9016924	4.512408	5.0690928	5.5155005	3.5873678	3.7360067	3.4707403
SYN-00048	4.2712264	5.013389	5.165716	3.2383184	5.133083	3.9708881	4.1733766	5.1667213	4.939109	2.0497768	4.203665	5.148235	2.882197	3.992006	4.7384734	2.5840335	4.9767323	4.562067	3.6561394	4.2693186	4.9682355	3.6755874	5.058146	4.121472
SYN-00049	1.0698197	2.9782293	3.874958	4.0526476	4.8196287	3.0119805	1.2160416	4.4023805	3.672641	5.114205	4.417053	4.7286086	1.6321473	3.7288573	4.4882793	4.5994134	4.2122707	4.5774484	1.9081917	2.5837266	4.3263235	4.621421	4.6187334	3.2698522
SYN-00050	3.2240024	4.893913	3.1931853	3.6234078	3.307252	3.0192623	3.1973825	5.368441	3.2366085	3.006919	4.158867	2.7169032	2.979919	5.0736628	3.4447863	3.9205475	3.4624264	2.8878188	3.5350237	5.2456794	2.7293694	3.44194	3.5054908	2.5958242
SYN-00051	3.1930537	4.0129714	3.5022604	3.6349306	5.174239	4.9466257	3.4388208	3.6269572	4.1386714	5.403537	4.691174	4.244325	2.940116	3.2746358	2.4787693	4.6185894	4.584039	4.49043	3.3204327	3.3477032	3.7491498	4.4268823	4.8726444	4.737118
SYN-00052																								
SYN-00053	2.4445167	3.2580948	5.6707063	3.045161	2.3158185	3.2537336	2.8541758	2.9188693	5.9437094	3.095868	1.8192599	4.136189	1.8222709	2.5648396	5.7146196	2.6564574	3.1955729	4.3459063	2.2401729	2.783603	5.385191	3.207623	2.376011	2.9159465
SYN-00054	5.6822157	4.2568636	4.531139	2.330459	2.6297045	3.207653	5.905525	3.378589	3.79471	3.2968485	1.5295448	4.579133	5.0647554	4.567335	3.5821674	1.8364997	2.6714745	4.174308	4.6987233	3.5116332	5.164724	2.291329	1.753269	4.420601
SYN-00055	4.896465	4.615757	3.9044218	4.9228206	5.7551785	3.307237	3.5387464	5.18255	2.9061084	4.407165	5.033252	1.7949831	3.3350358	4.635219	2.7902544	5.780552	6.119103	1.8433919	3.8459527	4.162216	2.600432	5.2066956	5.88182	2.1384697
SYN-00056	3.4914205	3.0267615	6.084299	4.912375	5.376624	4.160856	4.1970544	3.9699879	6.028943	3.6349483	4.596756	4.2780204	4.068888	4.6478453	4.6847796	4.389112	5.7274866	4.217421	4.301137	4.5003757	4.9009495	4.178026	5.210771	4.280226
SYN-00057																								
SYN-00058																								
SYN-00059	2.3103797	2.6118019	5.162397	3.0720572	2.567584	3.7656634	1.9338121	2.6974366	5.348508	2.9944382	3.2300954	4.3449273	3.4011643	0.5844972	6.084591	2.8728728	3.3288908	4.297129	2.513773	2.765338	5.244973	3.8290803	3.3115606	3.752208
SYN-00060	3.6929605	4.3804245	3.8667023	4.1630354	2.9137855	2.9876144	3.195653	5.001355	4.7744126	3.8198135	0.5898628	3.521526	5.3317404	3.8252897	4.2771287	4.5956855	2.0238223	3.8088756	4.419313	3.8907936	4.973734	2.7711701	4.075001	4.319626
SYN-00061	3.502109	2.410016	3.17778	3.5657644	5.3724947	5.8156033	4.2960153	3.0889633	2.9693594	3.036635	5.656709	5.3273897	3.8541472	3.9840312	3.3812685	2.394504	4.9265275	5.887391	3.8951616	2.3644571	1.9570003	3.4049804	5.3249254	5.708231
SYN-00062	5.2057605	3.59396	4.6718683	2.6532462	6.3920603	3.934318	5.2687697	3.7888172	4.2241936	2.342071	5.3730907	3.1951697	5.3071947	3.439796	3.2241669	2.6674507	5.3450665	3.945269	5.978919	2.581141	3.0618055	2.4560976	6.015686	3.277484
SYN-00063																								
SYN-00064																								
SYN-00065	4.094909	4.5984564	4.2471247	4.163047	3.6852386	1.5290127	3.863708	5.3775535	3.4169748	3.9872797	4.542267	2.7813997	3.5372415	4.8236456	3.4309363	5.026197	3.4910684	1.2003005	4.381373	4.340671	3.338098	4.478588	3.0424657	1.3453012
SYN-00066	3.2448437	5.130514	3.3132133	4.695583	5.6062546	2.836152	3.7815394	3.976592	2.4659534	4.614677	4.5053253	3.3119774	4.221971	3.9362361	3.099555	4.3117657	4.614895	1.9540238	2.816967	3.8340187	2.4468422	4.169788	5.351839	3.2540312
SYN-00067	4.474898	4.57135	3.776404	3.6812754	2.639911	3.4508586	4.2721553	5.4498253	2.6685982	4.1928525	2.127687	3.9110253	5.6542416	5.4253736	2.8908267	3.704894	2.5631704	2.970078	4.4277897	4.034575	3.777202	3.331983	4.4153175	2.843276
SYN-00068																								
SYN-00069	3.094833	4.68639	4.310936	2.0151556	4.041564	3.8363025	3.1888309	4.429609	3.3043163	2.7321386	4.51459	5.498703	2.631553	4.0118876	4.2540817	2.3035865	3.7827468	4.369929	3.0986686	4.0122304	4.863908	2.3894577	3.8629923	3.8131948
SYN-00070	3.6766484	3.6455002	4.2342806	4.0385747	4.4504924	6.3860254	3.5154161	3.298971	4.6089993	5.161231	4.858278	5.6724825	3.9607973	2.34917	5.275493	4.6386423	4.276626	5.1326046	3.0633128	3.743653	4.8655596	5.0076137	4.3265533	5.525161
SYN-00071	3.9177642	3.2670465	3.8879838	3.3784058	2.8489397	5.711379	4.3673887	3.7799602	4.7398624	3.2366323	2.2879782	5.577546	4.8845334	3.694184	4.7694807	3.1599207	3.650656	5.5488544	4.6640706	4.4104376	4.833965	4.81645	3.232865	5.0467596
SYN-00072	4.3433657	2.1627417	4.075001	3.6794233	1.4653215	4.152839	5.734712	2.806823	3.163546	3.6850421	2.2304082	4.1992555	5.123843	2.9246898	3.4209027	4.0007653	2.6894965	4.684682	4.469781	3.2733905	3.3447418	2.3249216	2.4960842	4.2921476
SYN-00073																								
SYN-00074	4.7475967	4.298462	4.5538454	5.0679154	3.3272073	4.2462764	2.8893743	4.9403806	4.3598127	4.7476363	3.2449386	4.8061547	4.218086	4.846464	4.287675	4.8323836	2.9903514	5.0029974	4.1819773	5.6849446	4.1284432	5.6501384	3.2931178	5.580182
SYN-00075	5.6773295	4.5342865	3.4271474	3.8910646	4.105251	3.6681802	6.639671	4.894461	2.2990606	4.1166773	4.274164	4.368384	5.22449	4.4711924	2.3820398	3.7181466	3.7298927	2.6714563	5.2923794	4.8252635	1.8643854	4.262622	3.8098907	3.8476691
SYN-00076	2.8242524	3.325638	5.8604918	3.8703923	5.8802977	2.444839	2.8013062	3.2112548	4.941849	4.6122875	4.8223443	2.3377166	3.3324285	3.5544655	5.866751	4.580803	6.7934465	1.8161633	3.0617785	3.3248975	4.944548	3.7646172	4.3936934	1.6763265
SYN-00077	3.4084585	5.1811433	5.987804	3.708561	5.951547	5.174017	3.9505985	5.384474	6.204749	4.526328	5.762765	6.511133	4.1082797	5.995512	5.8917317	3.380646	5.3811703	4.970426	4.115272	5.4746327	4.766018	3.8794703	5.2821784	4.2897882
SYN-00078																								
SYN-00079	5.04526	5.235716	3.9467037	4.429016	4.2184134	2.0528116	5.2360363	4.870239	4.4768944	3.6261723	4.23711	2.5507355	6.2186127	5.1755624	5.400086	3.0995617	3.3956175	1.9616213	5.7005186	4.819953	4.5652313	4.106046	2.9456177	2.0541143
SYN-00080	5.918624	4.182022	4.305629	3.6040552	1.2664852	4.886549	5.2427273	3.4158907	4.0759163	3.6618972	1.6496024	5.289129	5.903676	3.9605138	6.236082	3.1922781	1.4858892	4.811484	5.829598	3.4798768	4.973163	3.6949227	1.6397502	4.827069
SYN-00081	5.1541395	6.787264	3.3269506	2.7405717	4.2336187	2.9853997	5.854	4.9901233	4.4144197	4.424195	4.3188562	2.3336585	6.207006	6.761552	4.611545	3.9384844	3.7712045	3.026948	6.028162	5.958138	3.565878	4.0500026	4.274978	3.703528
SYN-00082	3.1620474	4.7927275	3.7166815	4.0394263	4.4430766	3.3375196	3.4003692	4.497118	3.8737411	3.309023	4.6373696	2.8366058	3.1428974	5.7210836	2.2607296	4.0719824	3.5375528	4.7224717	2.5424638	4.9887505	3.7000983	3.7507021	4.271877	2.9960122
SYN-00083	6.112874	4.367888	5.704041	5.257099	4.4522853	4.1619997	6.8343315	4.087358	5.497563	4.2155714	4.6387844	4.202325	7.0599694	3.8267834	4.603043	4.4517493	4.9816465	3.9541664	6.686199	4.299569	5.566019	4.793422	5.5412064	4.648248
SYN-00084	4.4694576	4.2808266	4.094727	4.372025	5.364576	1.3231432	4.806337	3.735118	2.5039327	4.865058	5.0649395	1.8332145	2.9450688	3.7327292	3.6782856	4.629634	4.909631	2.3758287	2.764535	4.096712	3.7166164	4.063768	4.732239	1.846195
SYN-00085	2.257607	2.18961	4.1506457	4.8416176	4.299255	6.211816	3.260363	2.3906217	4.8203754	4.581553	2.2565947	6.8108177	2.8727689	3.7506428	5.2127485	4.438875	3.7976587	5.8711314	3.4891708	3.5156221	4.004627	5.242122	4.04984	5.1523895
SYN-00086	3.07008	3.487316	5.569907	3.2803404	4.9529123	4.2314425	3.8873994	4.223707	4.7384744	4.8947573	5.7423544	4.163596	3.2768898	5.0509033	3.2455235	3.9444678	5.1127124	2.6205218	3.9027092	4.5107403	5.5574727	3.1269364	4.860782	3.5940018
SYN-00087	4.397959	4.036812	4.6742816	5.0339484	3.9379997	2.5873008	3.814674	4.431086	5.192825	5.366558	2.8385234	2.7491512	4.573561	3.6253846	4.214686	5.9016547	2.908293	2.2689092	3.6684155	3.9050179	5.641963	5.4754477	3.4840164	3.0379572
SYN-00088	4.72367	2.185812	3.5566297	5.327735	2.4865384	2.3989599	5.0882363	1.8095036	4.1238985	4.4080324	1.3415678	2.786059	4.8564196	1.3441553	4.440501	4.732663	2.0815587	3.38019	3.7509463	0.8938079	4.7280765	5.23071	2.251327	3.165567
SYN-00089	3.8058462	3.612278	3.5246634	4.3938074	4.075893	2.4944673	3.6601052	3.3238928	3.804441	4.5605564	3.2067344	1.4888139	4.4646044	4.7089195	4.7367644	3.9522386	4.820972	3.0403087	4.2244525	3.495746	4.1762633	4.860579	5.8399973	3.3256037
SYN-00090	5.9646797	4.540461	3.92175	5.296135	4.0809746	2.6873355	6.1814747	3.1739616	3.235898	6.419777	3.3416576	3.8822823	4.629222	3.456367	3.2339692	5.4071255	3.553941	3.1728592	5.4735703	4.1090455	3.096274	4.733798	2.9456153	4.487233
SYN-00091	2.1577492	5.9951234	1.819977	2.1490235	2.0644388	3.381892	0.978039	4.7644844	2.7568843	2.9388862	1.6678329	3.8573763	2.1485853	4.4781313	2.1369123	2.0967793	1.1928618	3.6767893	2.2521691	5.7521906	2.607365	3.5182838	1.7084808	3.807702
SYN-00092	1.0914159	5.028994	3.5039363	3.1466877	4.794433	3.1510844	1.1881056	5.1894526	1.9756954	2.4658194	4.278329	2.7936187	1.883501	6.12839	2.9270728	2.279648	4.1901355	3.1701114	2.149105	5.367679	2.4365864	3.0030744	3.5300612	2.2546203
SYN-00093	4.170478	5.613102	2.9040403	3.3097577	3.228408	3.650137	3.9460955	4.474827	1.9470859	3.4433787	3.4506984	2.9093294	3.9113255	5.4489	3.0957873	4.134409	3.3559375	4.022446	3.414053	5.8821545	2.9290173	4.7483873	3.624301	3.6305654
SYN-00094	6.1676645	2.224934	4.900729	4.458261	2.8260915	5.261201	7.156501	2.6198735	5.8549194	3.9385335	3.594598	5.677684	7.4994063	2.7273793	5.317433	3.8941336	3.959106	5.284357	6.5833445	2.5548394	4.1632357	5.2798615	3.6159801	4.7090454
SYN-00095	5.9116535	3.2381728	3.6532965	3.648628	4.172961	3.9003534	5.2207413	3.0889254	4.405141	2.9641178	4.4620147	4.4680104	4.724561	3.5168862	3.2967696	2.1892784	4.2740664	4.57269	5.134708	2.9704406	3.5631633	3.8299959	4.509125	3.4220765
SYN-00096	4.1249094	4.5616264	4.362555	5.18048	2.425377	3.6859531	3.733814	5.706354	4.7652645	4.8795347	2.2695303	3.14491	3.8796105	3.7320735	4.4463243	5.7152505	3.8086154	4.3962874	3.2140515	4.072142	4.402671	6.258954	3.076856	4.2669444
SYN-00097	7.2322397	4.0401087	5.32173	3.1504774	4.1170692	4.176097	7.6525497	3.371586	4.688178	2.1919181	4.2960916	3.6916442	7.381341	3.333038	5.5585437	3.1422102	4.6812086	4.080077	6.7368555	2.2250555	4.78703	2.5953784	5.17167	3.5986958
SYN-00098	4.674685	4.4379725	4.832223	3.2368731	2.7046113	3.3018947	4.5842094	3.8622901	6.094018	3.1459694	4.6142397	4.061562	4.8359747	4.0624757	4.9292607	3.5207388	4.258128	4.422592	5.0101657	4.202939	6.0829916	4.5749393	3.16392	4.3338704
SYN-00099	3.2464266	1.9099343	2.6130178	2.1585884	6.297888	7.872783	3.147479	2.033391	4.2817135	3.1343374	6.092513	6.22776	2.7731562	1.2189176	2.3062403	3.2229495	5.4676733	6.090268	2.886722	0.45679688	2.9141574	3.2076216	7.1866264	5.599928
SYN-00100	3.2562559	4.2732043	4.1321135	4.593181	3.4118946	4.1394815	2.1351469	4.4696097	3.308582	3.3657436	2.4024918	3.70013	2.502092	3.5058355	3.8449776	4.2707133	2.2909832	4.4769382	2.200823	4.8016205	2.2520757	4.3901954	2.9223108	4.071543
SYN-00101	2.4986687	2.93195	2.5582144	1.9305723	4.395108	2.9279308	3.406726	2.0968113	3.3704724	0.83568954	5.5583477	2.4660223	3.3651228	2.5717208	4.268531	2.3112638	4.892178	2.8857665	3.7982774	3.5839	3.161953	1.998348	4.8689013	3.2972753
SYN-00102																								
SYN-00103	3.3846982	4.321872	4.8818984	4.203822	3.4639368	4.980639	3.5770326	4.6127768	5.270994	3.0377898	2.4434576	5.8526974	3.7928305	4.3774185	5.466272	3.720168	2.184204	5.981202	3.4068537	4.4888563	5.9845085	4.8748255	2.836104	5.222786
SYN-00104	5.61124	3.3356524	4.8741717	3.7447197	5.7852907	3.2625613	5.1841984	3.2513094	4.7608128	4.114677	4.6401253	3.4785066	5.092038	3.3258743	4.2049155	3.614589	5.799361	4.1623206	5.11841	2.8049815	4.7723093	3.3989115	4.9513636	2.7365818
SYN-00105	6.670389	4.426113	3.3256824	3.6921163	2.677875	4.962234	6.3431797	4.972166	2.684755	3.0805638	2.1822672	6.612297	5.044453	4.0129366	2.673037	3.8054316	2.3870478	5.684267	5.560252	4.1254916	4.682445	3.6366239	2.6593041	4.7318163
SYN-00106	2.036512	2.9606423	7.2115736	4.707368	4.6122475	4.5716414	3.2065842	3.7301288	5.808646	5.0290456	4.5019984	3.851034	3.4270053	2.8776476	6.3389654	4.286558	4.5431223	4.292199	3.6935894	4.563093	6.259489	5.0156107	4.133349	4.83286
SYN-00107	4.3122807	2.9135373	4.542706	3.4461021	6.8771734	2.1947455	3.7335813	2.563835	4.633657	3.4072592	5.345571	1.9411495	3.8236794	1.250741	5.7725134	2.8547149	6.2857695	2.648528	4.0352764	2.7118933	5.4080753	2.0304327	5.5409207	3.0328255
SYN-00108	3.4357276	4.0688543	3.8270226	4.552518	4.451163	5.74339	3.7622986	3.8712986	2.574705	3.7466664	4.9356236	5.622878	4.114797	4.359657	3.640366	4.367451	5.2363014	5.4200006	3.5065782	4.035588	3.6871626	3.635324	4.5943394	5.025094
SYN-00109	4.324395	4.5423574	4.397799	4.093361	3.2399094	4.2654395	4.0987315	4.4565554	4.136671	4.246238	4.5860524	3.9014738	3.8759663	5.2099004	5.1058865	3.7398076	4.2533813	4.0004845	4.512492	4.3228292	3.730675	4.5592847	2.6972485	4.0327435
SYN-00110	4.9992366	4.0229697	3.7779174	3.395667	4.136354	4.385882	5.982482	4.2919273	3.9294388	3.4867094	3.6581771	3.7521873	6.0382605	4.1427464	3.9130735	4.090966	4.701734	4.0422444	4.7153425	4.3891416	3.5967233	4.8814273	4.8382096	3.6426456
SYN-00111	4.1498017	3.9969919	1.1374199	3.5924072	4.1404343	2.3118258	4.47801	3.7943027	1.0794113	3.1482408	3.5725076	2.3118868	4.071777	3.7105215	1.4937756	4.59549	4.6658373	2.9238834	3.8866491	3.5543053	1.4850273	3.6573315	4.099832	3.998602
SYN-00112	4.363698	3.6162417	1.5361378	5.50465	2.4852154	4.1377935	4.974408	3.4628031	0.37675524	4.0824285	4.1225066	3.984951	4.462654	2.1319928	1.2184801	4.558024	3.971364	4.3602753	5.3995123	3.2169268	2.247719	5.3730745	3.6665936	3.866685
SYN-00113	2.227983	3.8790655	3.822757	5.094534	4.6807942	3.065205	2.0364213	3.7066014	2.8293042	4.4521523	4.2009315	3.5685005	2.534614	3.7500646	5.4911995	3.4384243	4.4916697	3.7233214	2.0810552	3.373744	3.139772	4.1890926	4.609309	2.9734068
SYN-00114	4.0583377	6.2374163	3.4067488	4.411379	1.9421844	4.8241377	4.267335	5.68087	5.0001936	4.783908	2.4689994	3.9592702	4.3393683	5.6662874	3.5656147	5.822099	1.920681	3.7656481	3.6630569	5.311049	3.4963896	5.5704103	2.9639363	3.718028
SYN-00115	4.9992614	4.3465023	5.6297255	4.623741	3.4935908	1.6310518	3.8497493	3.9253764	5.2715263	3.5375748	3.5757864	1.4321828	5.5725517	5.692361	6.6418915	4.1782794	4.2421765	1.2427969	6.074012	4.4017572	5.489405	3.238815	3.2609909	2.114254
SYN-00116	1.9611375	4.189329	2.72852	4.952192	3.8058202	4.760181	3.2769349	5.3640766	5.2778664	5.478494	4.0039864	4.1607256	2.4715145	4.367019	2.9340835	4.463315	2.6585422	5.0858784	2.1866825	4.9976745	4.299355	4.396498	3.968277	3.8228374
SYN-00117	2.509286	2.2112622	5.4488173	4.648127	3.4678826	4.665941	2.4861226	2.6847553	4.393379	4.678844	3.8328042	4.358584	3.343659	3.1716034	4.8424683	5.3097267	3.6926312	4.990321	3.6344106	3.579816	3.7893977	4.609789	3.9627423	4.826996
SYN-00118	3.973231	5.5592184	3.669016	3.8333347	3.614166	4.050609	4.9019876	4.5336576	3.0809913	2.9790034	3.761463	4.704631	5.6351438	4.8135386	2.4892507	3.4699748	4.331793	3.209979	4.4701385	5.102667	3.9701684	2.770842	4.771747	4.02918
SYN-00119	2.3380888	2.520912	4.491237	5.158928	4.0902605	3.1632044	3.6015372	1.5281999	3.4627435	5.3856487	4.39778	3.9147673	2.3902278	2.6655376	3.9672785	5.2368865	3.9720767	4.567778	2.8536258	1.1336746	5.321301	5.7682953	4.7486486	3.3785598
SYN-00120	4.3036957	4.93642	3.450992	4.080727	5.118628	3.9197826	2.8318698	3.8613777	2.5135598	3.0015938	6.111493	4.372697	2.9536023	5.0115066	2.830739	4.076617	5.6734858	5.0111675	5.132576	4.464737	3.872528	4.516672	4.5309362	4.625701
SYN-00121	4.0915465	5.3018823	4.3700128	2.6591308	6.024235	4.667968	3.7143114	4.217654	3.4562485	3.1886945	4.874201	5.308923	3.2933364	4.8938217	5.1452484	2.7638278	6.251689	5.5244746	3.1449866	4.774645	4.0808754	2.4209342	5.1648617	5.6752424
SYN-00122	4.369911	3.9820096	4.787634	3.7401686	5.143547	4.235529	5.0259233	4.6811047	4.445011	3.887699	4.5826025	3.9366877	3.8186736	4.0104127	4.829617	2.8872206	4.783691	4.7716265	4.835395	4.581126	4.1730747	2.3339815	3.9697266	3.6306348
SYN-00123	5.676942	1.5317402	3.2649593	3.1963363	4.614077	4.0952783	5.27886	3.8197768	3.2616765	2.1543345	5.0912004	3.4552689	5.3177843	3.8641303	2.3141756	2.8171253	4.4796047	3.066733	4.848204	5.334426	3.2451315	3.6561656	4.618659	4.473505
SYN-00124	3.492894	1.8267777	6.303892	4.646101	3.1507044	4.179139	3.9531715	2.0535884	7.166359	4.278342	3.626415	3.6069007	3.2627854	2.9205296	7.368197	4.0266123	3.5395975	4.255951	3.4324708	3.585987	6.566196	3.604318	3.4379408	3.2910194
SYN-00125	5.9504657	4.099297	2.5670726	3.7079387	5.5140886	4.922256	5.38602	3.439546	3.0480275	3.9015949	5.009656	5.118505	4.94127	4.6105337	2.569408	3.4985843	5.5925903	6.208125	5.797192	3.6786299	3.1698008	3.1006947	6.060927	5.0854993
SYN-00126	6.989323	2.9017804	2.9518194	3.3745668	3.2629058	4.1672053	6.126583	3.98627	2.273552	3.7907965	5.1149645	3.4278083	4.6531415	2.1895785	2.4360461	4.1895165	3.9201703	4.4533987	5.132612	3.605285	3.1341186	2.7810836	3.7456634	3.905474
SYN-00127	4.8759093	4.124454	2.915125	2.751712	5.1933217	4.239	5.746798	4.7685184	3.0670319	3.5366368	4.8073983	4.3600297	4.910268	2.8753953	3.1171021	3.607433	4.1219363	4.8303194	5.7454534	3.7752476	2.4923244	2.9354806	5.032998	4.2854896
SYN-00128	6.5317516	2.861088	3.3344111	4.8159804	3.3895898	5.5123587	4.7558503	2.7512636	4.2132316	5.5858417	3.5263393	5.280221	4.3955407	3.021316	3.5297947	5.1235375	3.8404431	5.328955	5.9388585	2.8595972	2.9978151	5.6913743	5.1578164	4.602463
SYN-00129	4.3396387	5.697015	4.0113	4.849432	4.6103897	6.242922	4.8957334	4.51074	2.2109241	3.3645294	3.7393165	6.5787544	4.3647113	5.5185795	3.41013	3.8690324	4.765861	5.869742	5.0722857	5.7789044	2.76811	3.9312646	4.9102993	6.3632708
SYN-00130	5.3684387	3.8542962	5.000667	4.938836	3.4756658	4.83479	3.759454	4.063686	4.307644	4.544342	3.2858229	5.3873243	3.7559717	4.3289504	2.5332212	4.417292	3.165506	5.2643366	4.7762237	4.804542	4.019702	4.5138235	3.5936055	5.508499
SYN-00131	4.6480203	6.042234	5.935701	5.312665	2.6744032	2.629619	5.1266584	5.7659783	5.9274178	3.8099499	2.721942	3.188272	5.2222576	7.00766	6.4661837	4.207889	2.866197	2.3975449	5.4822373	6.4017153	5.2062974	4.237538	2.6608334	2.5423334
SYN-00132	5.5204163	5.7485266	5.3991456	4.1950593	3.7361898	4.256659	5.1151257	5.641027	5.4566307	3.912059	3.9696474	4.1719036	4.8856826	5.337387	5.3348618	3.0971274	4.279277	3.7197495	4.8853745	5.2729506	5.285949	4.487661	3.50204	4.984042
SYN-00133	3.9211285	2.6436977	1.9336395	0.81930685	3.8922508	4.321566	4.7185817	2.4586687	2.9491873	1.6249683	2.9157484	2.9857798	4.8113217	2.492909	1.2077999	2.5315409	3.406148	4.3626122	5.3285127	1.8149116	2.3866944	0.6042659	3.2851932	3.406162
SYN-00134	4.7949457	4.164853	5.2046213	3.4643188	3.5126538	3.2536132	5.2343464	4.4177694	4.7446103	4.011585	3.99898	3.7615166	4.5314665	5.044237	5.0402975	4.2742677	3.4279103	2.718421	5.1068077	3.8347518	5.803109	3.5301976	2.8507984	3.397699
SYN-00135	3.7898767	4.2968993	3.6740396	3.2706008	2.3074398	2.7337286	4.236427	4.311081	2.9761722	4.298783	3.605553	4.2891846	4.293997	4.534637	2.6950696	3.4966652	3.3530478	2.9829233	5.3696995	3.7832885	2.0709953	3.983261	2.9354463	3.0139518
SYN-00136	5.032676	4.147374	4.6390057	3.9785717	2.8920486	4.517995	5.2586646	4.5038414	3.2254927	3.2784135	3.370961	5.161464	4.79128	4.6932325	3.7013073	2.843776	3.3359973	5.4908814	5.7384295	4.9025664	4.7452135	3.11192	3.7845714	5.037926
SYN-00137	2.8607144	4.653648	4.646828	4.587975	5.8155074	4.185885	2.7366862	3.1123705	4.8314934	5.2300057	5.1626534	3.8286471	3.405311	2.437191	4.45153	4.54053	5.5636854	4.212608	2.8462915	2.7427874	4.5483184	5.1399326	5.382061	4.434388
SYN-00138	3.0955143	4.35948	4.4208183	3.635724	4.0699744	4.5063987	2.6855502	4.049812	5.214484	3.6409283	3.7742555	5.593941	3.4943516	3.802362	4.5744033	4.352883	3.8098636	4.74817	3.7301114	5.0911407	4.3495884	3.4992151	4.0621533	4.8595443
SYN-00139																								
SYN-00140	5.449807	4.1461253	2.7658958	6.0036945	2.195631	4.6167364	6.279721	4.612281	2.6835713	4.716225	3.4582582	4.079434	5.589569	3.7038994	2.7168484	6.0954313	2.8472505	4.7792916	6.2287884	4.305657	3.4166508	4.582505	2.4005947	4.2386484
SYN-00141	5.4851565	5.292201	4.436051	5.1641874	3.2716942	4.5160832	5.0266757	3.658805	5.6486773	4.213937	4.856187	4.5171804	6.36573	4.0766926	3.982486	5.2007656	3.6076005	5.0011005	6.3738947	4.584263	4.764327	4.953204	3.8120525	4.957348
SYN-00142	2.654217	5.806668	2.4593086	5.520653	4.26266	3.4438481	2.427122	4.1150913	2.6918964	6.052085	4.1285834	3.1190114	3.4382699	5.429578	4.0086775	5.4335785	4.0036654	4.071621	2.9623199	4.2324657	2.9633853	5.172908	4.5817676	3.6079054
SYN-00143	4.6443095	3.3833754	4.3704367	3.2998595	2.5042655	3.7427967	4.0217266	2.9417973	3.9551237	3.3465838	2.1456454	3.651495	2.929007	3.417247	3.7820272	3.7506342	2.9882264	3.7303467	3.4959838	2.8035898	4.541667	4.4315996	2.4489348	2.6133962
SYN-00144	3.4765255	4.5082173	4.104952	4.091686	4.4573703	5.7918596	4.1559	4.950782	4.1819596	3.3732996	4.2877626	6.2147994	4.177351	3.9993925	3.4261434	3.280761	4.010189	6.9476423	3.1215668	3.8806386	3.781415	4.4219756	3.6727912	6.1406207
SYN-00145	3.51835	0.755908	3.166477	3.2008219	4.5175557	5.3093867	4.2236657	1.4019904	2.5948296	3.307375	6.490605	5.8875585	3.5296702	1.6060998	3.5321467	4.7073555	5.5593667	5.386647	3.5968575	0.8801236	2.6734407	3.9484766	4.8000674	6.240466
SYN-00146	3.0130355	4.7920094	4.331791	3.0609155	4.240007	4.0597987	3.1223664	3.5845897	4.4206114	3.7203946	4.064253	4.7813635	3.4710784	5.245609	5.0988226	2.961783	4.1377754	4.7714252	4.515368	4.0470448	4.5894513	2.6089165	4.3840823	3.740212
SYN-00147	1.9632001	4.8386045	5.359211	3.4975436	4.139659	4.6326137	2.737413	4.4678407	5.73362	2.8712213	4.326227	4.0545635	3.5419679	3.9324293	6.087824	1.406749	4.1434765	4.83608	2.275649	2.8090134	4.9297657	1.9767976	3.6517217	4.2286744
SYN-00148	6.2491302	4.310746	3.7815692	3.6188884	5.115834	5.595413	4.9393277	3.1932275	4.195786	4.49053	5.2786636	5.684736	6.625697	4.243841	3.4030633	4.0360885	5.5713716	6.49066	4.7722864	2.4356217	3.6711488	4.163524	5.7986193	6.2860727
SYN-00149	4.3972106	4.896224	3.2713962	3.8040743	5.81527	4.3635373	5.377377	5.0466585	3.7144942	3.8817205	5.8096566	5.0085726	4.649694	5.3371596	4.183866	3.1328094	5.224982	5.6198187	4.250213	5.8243737	4.2059717	4.420297	5.2306056	5.419228
SYN-00150																								
SYN-00151	3.1119666	6.2405357	4.5759706	5.655594	5.1139545	2.9536316	3.191467	4.785953	4.255659	3.9865918	4.5664535	3.4620159	2.5109417	6.5915403	4.891814	3.4313414	4.2020717	4.0168095	3.5466332	5.385711	4.5811453	4.867593	4.1485386	3.387239
SYN-00152	4.6295915	3.4645114	3.192655	3.737385	4.2682247	3.99288	5.1420903	2.5038385	2.046947	3.8332117	3.553917	3.9938316	4.361126	3.3177447	4.39202	3.0030475	3.4512694	3.3408184	3.3037121	2.920373	3.8769515	3.6892242	3.527447	3.7046623
SYN-00153	4.874185	6.7730536	3.4653134	4.5801105	3.25607	5.4079747	2.808062	6.0192413	3.690716	4.4253244	4.0141945	5.709115	4.2695117	6.4828815	3.1242466	4.45265	3.1305737	5.2723684	4.339374	5.495347	4.4530563	5.1372156	3.3086843	5.158696
SYN-00154	2.424427	4.8292904	4.3317385	4.5260463	2.9039755	3.2784188	2.7904162	4.5136557	3.4830523	4.654477	3.147364	3.1138587	2.539621	5.220755	4.093105	3.6210816	2.3688831	3.58362	3.3063052	3.9683065	4.936734	4.145582	3.4839673	3.4794426
SYN-00155	6.356604	1.315026	3.7365527	4.3030796	5.243471	4.666985	4.8682804	2.8193936	3.7129345	4.0848207	6.945813	6.205142	5.0084577	2.4202695	3.913746	5.489816	5.6626253	5.036045	5.3424735	3.12144	3.3101568	4.609698	4.6272	5.5031595
SYN-00156	5.0002165	4.164695	5.088216	3.5011067	4.345135	3.5676756	6.099488	4.1076655	3.8546228	3.0708022	4.4269233	3.6400924	5.1880636	3.4556036	4.377216	4.2822	4.665881	4.3902116	5.137178	3.7271209	3.663948	2.927246	3.1127048	3.3791115
SYN-00157	3.5582318	5.331039	3.8891778	2.9656544	3.320566	5.5416694	3.8951674	6.0353575	3.4700844	3.67857	2.7105882	5.8012705	3.831218	4.671486	3.5550363	3.472624	2.7612934	5.2727146	3.0682502	4.2094254	4.875432	4.0702667	3.3902593	4.7103653
SYN-00158	3.8756764	3.211195	2.3662696	4.642314	3.9227443	4.574204	3.1058419	3.7190075	2.5865688	5.7970862	3.8082635	4.619538	4.3651795	2.5662298	2.3095722	5.5467253	3.4538865	4.329509	5.100647	3.4374843	2.5910819	5.56532	4.1253247	4.7510424
SYN-00159	2.756496	5.2331853	4.5349584	5.8393135	5.7041693	2.8187678	3.7319212	5.2766085	3.8301482	5.762806	4.4393134	2.542019	3.2172866	4.8530827	4.1340475	5.663418	4.8681707	2.4280019	3.1038585	6.3006363	3.3279614	6.209306	4.942386	2.6658947
SYN-00160	3.9718792	5.555899	4.0931993	3.6541758	5.0517216	5.054113	3.9397786	5.171153	3.3723357	2.8618684	4.1883593	4.2367754	3.2694347	5.7550774	4.463524	2.6831074	4.2301364	4.981672	3.3844366	5.073202	5.2495475	3.7287016	3.610359	4.703759
SYN-00161	4.068172	4.5801477	2.6537628	4.782897	3.027888	5.2786756	5.094517	4.737751	2.1643503	5.2116356	2.698995	5.328217	3.8088465	3.368668	1.4891138	6.446142	3.8637311	4.4791846	4.218679	4.0763283	1.4457865	4.803741	2.873392	5.566434
SYN-00162	1.5260541	3.61276	3.3224907	4.0245376	3.680614	4.9148874	2.146852	4.1798058	2.5373235	4.688322	3.9394414	4.235511	1.6775045	3.9961379	3.5791798	5.8351126	2.832672	4.5174007	3.811812	3.2478106	3.4346778	4.0261173	3.1633859	4.6285415
SYN-00163	5.6996374	3.8614547	3.5266798	3.3107557	3.1003373	5.5963554	6.063864	4.261236	3.9069517	3.9044428	4.0538473	4.626401	6.106557	4.771826	2.2644873	3.8734462	2.5373423	5.0422344	6.2350087	4.504846	2.5536044	3.741028	2.6119795	4.9938493
SYN-00164	4.2269254	5.0859036	3.2382212	2.4778223	3.0937295	3.7719073	6.1673565	4.781209	3.4666994	1.8903868	3.7009468	3.4555154	4.0038447	4.2243853	2.4341063	0.5245273	2.9193356	3.5268533	3.7356496	4.6782665	1.5380907	1.7845805	4.1418085	3.4917223
SYN-00165	3.2890124	2.3081403	3.8855202	5.463477	1.364084	3.6821373	3.1703954	2.917365	3.6646662	4.146047	2.4596505	3.9020875	2.6683965	3.0065844	3.4476426	4.4121723	1.857038	3.080613	2.971408	2.970282	3.3065672	4.7083035	3.3035703	3.268266
SYN-00166	5.0648937	0.7874167	3.9968247	4.909024	2.9618027	5.38685	3.9635386	1.148166	3.2550297	3.768015	4.728125	5.931365	4.896895	1.816544	3.765267	5.0956717	4.230604	6.2611237	5.0268865	1.9432771	3.88737	4.7346926	4.0475535	5.2345934
SYN-00167																								
SYN-00168	3.1106663	4.0501404	5.3646626	2.4968834	3.6368322	2.3484397	2.1193633	3.771774	4.9640326	3.378929	3.1167188	2.7233424	2.8838174	3.27363	5.343055	3.0157235	3.4805174	3.6347423	2.881805	4.7401943	5.053711	2.4116635	4.6571774	1.9097304
SYN-00169	5.5947185	4.1654215	5.7969713	5.033999	3.2439904	3.812354	5.287249	4.6499004	4.8379264	4.8565474	3.3933678	4.3496385	5.058203	4.7472177	4.9521217	4.790039	2.6819544	4.6891465	5.803998	4.6870327	4.3340883	5.1419315	3.3746789	3.6458244
SYN-00170	3.3854673	4.7166653	5.3415766	6.829956	3.1694438	4.9866743	3.6749458	4.795613	5.1054564	5.9525394	3.6550555	5.30179	2.1886933	4.660209	5.7246776	6.7740192	3.192225	5.0304313	2.5155754	4.593564	4.559818	6.03277	3.0747313	4.8163443
SYN-00171	4.491355	2.961554	3.708783	4.1829424	2.8897595	4.41855	6.0497026	3.471306	3.8402977	4.8300614	2.9371479	4.464502	5.762432	2.237457	3.8221714	4.9200535	3.6786194	4.5257435	5.116962	3.065553	4.917951	5.7606516	3.028535	4.214185
SYN-00172	3.5733905	3.5875454	3.4369547	3.3821046	4.446245	4.155477	4.2654004	4.422821	3.049776	2.23171	3.120276	3.051878	3.4863997	4.1411576	2.7726998	4.3127413	4.394013	3.4097738	3.5101206	4.6035137	3.1468644	4.4679217	4.7942452	4.224447
SYN-00173	2.9795265	3.4930367	3.3804038	3.476206	3.397718	4.3789907	2.549391	3.8320298	5.0042	4.464146	2.7674973	5.706003	3.4956489	2.8605907	4.531801	4.3569174	2.9977045	4.2121124	2.8547945	3.8837662	3.8802214	4.6477857	4.694992	4.2153535
SYN-00174	4.051179	3.3082004	5.496745	3.2357202	3.3164036	4.9349227	4.860727	3.0927749	5.3887644	3.3127172	4.3682523	4.763927	3.1320143	2.1923537	4.496133	3.1598074	3.6167133	5.026806	4.244206	3.3606741	5.0790296	3.5633388	4.248265	5.1501265
SYN-00175	3.377881	6.0501533	0.6938529	0.87132573	4.630368	2.8537846	3.1430776	7.4281597	2.37675	1.3195353	3.674594	2.5590394	2.7999578	5.973411	0.76765895	1.5390444	3.9115853	1.5975096	2.1585937	5.457302	1.8659272	0.5150826	4.3780384	2.883573
SYN-00176																								
SYN-00177																								
SYN-00178	3.6478107	3.469111	4.561976	4.879026	3.5417337	5.0130234	4.5820293	2.413272	3.3262038	4.7286644	3.7574768	4.8554173	5.3027744	1.0352051	4.577884	5.326857	4.152276	4.269884	3.722893	1.7434578	3.8190928	4.298369	4.544533	4.329321
SYN-00179	3.2785378	4.0660543	4.906706	4.587969	5.272997	2.9777117	3.8096075	4.477928	5.2409024	4.1200986	4.5116568	2.0525293	4.0786824	3.7306404	4.9636745	2.958583	4.5857167	2.2977667	4.102401	3.7367918	4.489719	3.1825104	4.285585	2.6413941
SYN-00180	4.1719527	1.4671779	4.1266623	3.158673	4.652367	3.5845435	5.0866995	2.2371597	3.397401	4.3220296	4.5023723	2.6768665	4.9044566	1.7811146	3.8472445	2.9129958	4.3590565	3.3950548	3.4076562	1.9933624	3.6488867	3.148354	3.7835166	3.6711383
SYN-00181	5.395723	4.2530184	3.0628974	2.4625711	3.8822877	4.5420313	7.135625	4.200728	3.1449544	2.2582889	4.495311	3.533944	5.8618555	3.001998	3.4241593	1.6282794	4.072797	4.248329	6.535071	3.3805206	3.7362177	2.367683	4.170407	2.6874874
SYN-00182																								
SYN-00183																								
SYN-00184	4.90677	7.4329557	3.920156	2.3013632	1.8552656	5.5642605	5.056352	7.106866	4.5980105	2.0995636	3.423661	6.1577544	3.9518387	6.1607	4.6316175	2.996498	2.7613363	6.366832	5.6344337	6.888056	4.811439	1.9754171	2.250122	5.9432344
SYN-00185	3.030193	4.236409	2.4615734	4.9937983	4.400243	2.4373932	3.618687	3.8048744	3.529706	5.2740073	4.471874	3.0537307	4.1829295	3.8554525	3.8208907	5.5914903	4.1723976	1.752327	3.933057	5.028948	2.9420853	3.8817787	4.0198092	4.1021314
SYN-00186	3.579424	3.3880513	2.8373616	4.962577	2.7649968	3.8437388	3.8756576	2.7170506	3.0464673	5.5579014	2.4588232	3.6320248	3.806993	4.4159584	3.2700157	5.3720326	3.6435285	3.7797608	3.354253	3.645842	4.0215945	5.0467033	3.2306213	3.2878134
SYN-00187	4.5154943	6.323566	6.2263055	4.372322	5.0634384	2.1059668	5.680904	5.7124624	6.1219664	4.612582	3.904155	4.059987	5.997868	6.829369	6.4755526	3.8028553	4.6042347	2.7662826	5.885403	5.88386	5.187762	4.207436	4.528177	3.2178407
SYN-00188	4.272608	1.9551663	4.5372014	4.811632	5.4418306	4.519845	2.4969468	2.4832344	4.418444	5.043025	4.520416	3.5591607	3.296181	3.259444	4.6609373	4.8690553	3.8614697	3.8722444	2.8451777	2.5388014	5.244662	4.4058475	5.352309	3.0619295
SYN-00189	3.791645	4.9695754	2.2622352	4.1876345	5.06435	3.8256388	4.1100483	5.47003	2.250173	4.5532036	5.2806706	4.1726174	3.5703964	6.0936475	2.6330872	4.032803	5.032584	4.614416	3.4632306	4.360248	4.063811	4.518622	5.654928	4.422066
SYN-00190	4.5421433	4.5625877	4.6079607	3.9087992	1.6548085	0.369267	3.5595925	4.6623273	4.111816	4.4580703	2.4414403	1.2812548	4.3948035	4.4576273	5.540598	3.4409926	1.7165456	1.1203384	4.544841	4.4250584	4.687506	3.1251242	2.7540593	2.6703193
SYN-00191																								
SYN-00192	4.8746314	4.806286	5.812634	2.7681382	3.3947487	2.8089783	4.8351808	4.800198	5.143792	3.597816	3.5586965	2.7134573	5.5304275	4.798051	5.0195284	3.0036833	4.091512	3.5927536	5.3230305	4.5094256	5.326044	4.4518757	3.6137142	3.4784691
SYN-00193	5.0256195	5.193799	5.579378	2.7588305	5.648718	5.761757	5.0880375	4.4823036	5.1761456	3.2487502	5.789798	5.250804	5.5083594	5.5227194	5.725004	3.4665093	5.5872817	5.3571157	5.4333487	4.9242873	4.990323	3.3282137	4.67634	4.860786
SYN-00194																								
SYN-00195	3.7674634	5.0238137	5.23166	5.274233	3.113533	4.300748	2.3180792	4.832341	4.534389	5.030342	2.9930935	6.005527	2.7361631	4.600855	5.368964	5.1876564	2.3992531	4.5618525	3.144155	5.8687205	4.7216277	5.2596364	2.1529622	5.4902925
SYN-00196	2.2672043	6.135416	3.3147383	3.4041905	6.016714	3.5408416	2.9773011	5.6986055	3.6481056	4.325733	5.0092883	2.9278603	3.0992417	4.815609	2.747272	4.43373	5.101303	2.191012	3.4987428	5.7706194	2.5309377	4.0076003	5.0898924	2.6447687
SYN-00197																								
SYN-00198	4.575853	2.189611	3.9408295	4.7785053	3.9234374	3.710823	4.337061	2.4565392	4.2569976	4.7648234	3.137032	3.3097172	4.883018	1.8008056	3.2285314	4.699003	2.8650436	2.9640312	3.7731075	3.2178812	3.6875308	4.3996143	3.3418474	2.8289158
SYN-00199																								
SYN-00200	2.896368	4.540683	2.757081	3.3617737	2.160636	2.6046796	3.6848078	4.486487	2.6978276	3.240549	3.2891455	2.644455	3.2619095	3.4020555	2.8015332	4.033456	3.1768663	3.372739	4.6602554	4.274357	2.8024297	3.8460793	2.542138	1.2862046
SYN-00201	3.1429617	4.387241	5.1131334	6.333737	3.2116694	5.5036664	1.7565918	3.3100438	4.657734	6.1964865	2.3049488	4.223993	2.2460866	4.4547276	5.202882	6.1392174	3.3178751	3.9820085	2.890295	4.291796	5.1448708	6.624858	3.348158	5.25985
SYN-00202																								
SYN-00203	2.3857026	2.7718506	4.4564047	4.680595	2.7638652	1.6618791	2.6195636	2.933157	4.6816273	3.9539351	3.3848953	3.3191512	3.1351247	1.821934	4.6142044	3.6030214	2.3157156	2.8971667	2.6976266	2.7582588	4.7978287	3.759689	3.111947	3.0359814
SYN-00204	5.5018597	2.968145	3.8156824	3.1806808	3.5450363	3.1089132	5.4347777	2.8392596	4.128102	3.945949	4.19539	1.9318964	4.83845	4.211421	3.9215615	3.664545	3.630742	2.571052	4.9557524	4.4288692	4.5523334	3.9920263	4.4209785	3.2705708
SYN-00205																								
SYN-00206	4.7653084	4.8331337	6.2740555	3.1813784	0.58303046	5.6035266	3.7209032	3.6494107	4.658895	3.065281	1.4837949	6.2353215	4.6999836	5.160762	5.0994363	3.8859673	2.0872514	5.64002	4.665804	4.545467	5.8250446	3.6355948	1.1321387	5.894041
SYN-00207	5.9303665	5.0598164	1.917603	3.5370464	3.4927475	2.6863227	5.6925116	4.6253867	1.5589845	4.159938	4.548767	2.9385355	5.13106	4.8815017	1.7750573	4.619176	3.6085052	2.6547174	6.376251	5.083454	2.3986464	4.2911024	2.8423524	2.741415
SYN-00208	4.5705113	6.221794	3.990403	4.1204886	3.428161	3.6117196	4.747109	6.427371	3.283765	3.9678445	2.075202	2.8411148	5.6662135	7.717107	4.6264796	2.7314785	1.5071166	4.2226005	5.391838	6.1413364	5.0954704	3.6699207	3.4498744	3.6859152
SYN-00209	5.70045	3.0804818	3.080015	3.2559693	4.381452	4.2854567	5.8255534	2.7517188	3.7420478	2.9317875	4.319954	3.1615195	5.712385	4.6106043	3.571933	3.5066953	2.9973874	2.0925012	5.4609575	4.0228457	3.5993786	3.683825	4.2539616	1.6062393
SYN-00210																								
SYN-00211	5.1005073	4.616005	3.063785	5.5042753	0.64399767	3.6917076	4.756843	5.4126363	4.3323193	5.184887	1.5307314	4.6667213	5.070969	4.7605095	3.8395565	4.8935165	2.4920254	3.302701	4.872734	4.9236937	4.9061747	5.1008334	2.317934	3.7112312
SYN-00212	3.4562118	3.4059937	6.4113646	4.2225475	3.98249	3.5743682	2.245954	2.9208577	4.996989	4.809144	3.1919212	4.728695	2.4901948	3.9676535	6.332246	4.560855	3.6345317	3.7666285	2.8763223	5.2095547	5.69021	4.3156633	3.4515197	3.9897823
SYN-00213	6.96384	4.5963874	3.879057	3.6929462	3.2105439	4.513951	6.354697	4.2590938	4.599579	4.2615438	4.1621857	4.269953	6.6793714	3.892703	4.1356964	3.4411764	3.6657991	4.9902844	6.8473387	4.1779246	4.1391115	4.9449706	4.454537	4.6909156
SYN-00214	3.0113347	3.360153	1.4725256	3.703789	4.352262	3.7461724	1.8656256	3.6407683	0.99991727	4.0649533	4.1561766	4.735198	2.7143207	3.3978908	0.921551	3.9881706	4.479608	2.4325976	2.571321	3.8052056	1.8680961	2.9702718	4.246493	3.6554399
SYN-00215	3.011909	4.6254334	6.863984	2.6188674	5.068602	3.6228402	3.320221	3.7825973	5.193237	2.5368743	4.469942	4.5033712	2.2540617	3.8755884	6.698197	2.3970509	4.9177384	4.035768	3.2830641	4.428173	6.9971	3.4657512	4.203127	3.4457104
SYN-00216	0.65362835	4.704318	4.6795926	2.7491603	3.043645	2.8744571	1.2487738	4.3749323	4.2677355	3.0498705	4.419077	2.561716	0.743654	4.857164	4.3268547	4.0081058	4.772118	3.3188834	1.3161309	5.510069	3.8125148	3.6253734	4.736146	2.8001733
SYN-00217	4.8508697	2.5707245	2.104527	4.126053	3.8775327	4.9065027	6.0023317	3.055259	2.4000816	3.7071059	3.427605	6.0116825	5.41811	2.9951022	2.4190478	3.442523	3.3190844	6.474561	5.048984	3.5846815	1.2603679	3.6695926	3.830227	5.5408583
SYN-00218	2.9575963	4.9461346	3.9634535	2.5028057	6.210615	3.2236598	3.721575	4.924762	3.953666	2.2297435	6.931779	3.6150117	3.9431849	4.8872924	3.269475	2.4664812	6.70757	3.6423361	3.461551	5.3544617	2.9095654	2.0100384	6.868215	3.4250894
SYN-00219																								
SYN-00220	5.641647	5.633472	3.8359313	2.2204697	4.3769965	4.222972	5.379942	4.6258426	4.478111	1.6071665	5.114994	3.249964	5.324645	5.249632	4.620845	1.4381676	4.2750163	2.9671242	5.1916256	5.206232	4.2955203	1.9547379	2.894157	3.8896978
SYN-00221	5.9100857	3.5881336	3.8878546	2.9786243	3.9926407	4.325032	5.8530397	4.9331856	3.9484844	3.8700266	3.8531604	3.8291469	6.8054266	4.400842	3.145925	3.7899015	4.6845484	4.3900094	6.308169	3.3237498	3.9060616	3.22591	4.3164835	3.7544355
SYN-00222	4.4778895	4.728522	4.7658105	4.74024	5.0567083	4.839035	4.9463005	5.308989	3.965981	5.1018295	5.2673793	4.322647	4.961477	4.263217	5.05986	4.7523675	4.679663	5.045521	4.911002	6.410594	3.4681957	4.8666644	5.2213883	4.4231725
SYN-00223	2.5034857	3.3431253	4.2588	4.6339917	4.380467	2.4378161	1.6726413	4.001483	4.418767	5.2145796	4.3207097	1.289818	2.7628834	2.5414643	5.040956	5.181077	3.8549788	1.803853	1.7645597	3.2573407	4.5540166	4.45659	4.8049803	1.6558812
SYN-00224	2.6204717	1.4397593	5.7284374	3.5396962	4.477115	3.4077387	2.1308813	1.9209275	6.2234316	1.9930947	5.245576	4.6118693	3.0522316	2.2964153	5.5885196	2.1073923	4.516082	5.110175	3.4366245	2.9098086	4.8616095	2.4731812	4.4353075	6.200426
SYN-00225	2.5935755	3.1913521	3.1084673	1.0958719	4.4370146	3.591828	4.1278553	3.1098332	4.531689	1.2274344	5.152815	2.6164227	3.4332504	2.775153	3.8462598	1.7479074	4.5412617	3.5754373	2.7599223	1.510114	3.9904003	0.79289865	4.336922	3.4573693
SYN-00226																								
SYN-00227	4.028595	5.875506	4.9826956	4.2216606	2.0871468	2.4071484	3.479661	5.3651953	5.2885966	3.4697592	1.4780128	1.5272715	3.7291973	5.802338	4.9912567	3.7749171	1.5789895	2.8469543	4.0543165	5.9208946	4.5029817	3.3370764	2.1043015	2.3485527
SYN-00228	4.2955112	2.485101	2.6199496	5.221883	3.6853242	6.011833	4.4930034	3.1262584	2.7886178	4.341539	4.1114717	4.3869357	3.277142	3.352614	4.0881295	5.343364	4.341002	5.900571	3.3120432	2.793497	2.869645	4.11104	4.8242087	5.530337
SYN-00229	4.326453	3.5315318	2.5255227	2.9870012	4.4778886	5.334499	3.8234348	3.673153	3.7926385	3.1690989	4.1227317	6.1232314	4.216568	4.160583	2.729392	3.03195	4.104122	4.625129	4.681572	3.7236228	2.9739985	2.8230238	5.0165434	5.3390603
SYN-00230																								
SYN-00231	3.8330724	4.413096	3.4829698	4.847796	4.169778	3.2164662	4.16796	3.5518696	3.7742054	3.1342869	5.300545	3.2606134	3.0730724	3.271595	3.3203845	3.594829	5.341047	4.0384254	3.8816214	4.286859	3.1032648	3.8420148	4.5565457	2.755863
SYN-00232	3.3032022	3.5212607	6.4985833	4.1962323	4.4940877	5.3067875	2.6996894	3.1051006	5.4982157	4.8204455	4.169839	5.175047	2.8374634	3.4774246	6.6001825	4.0446777	4.6247005	4.1276684	3.0133977	3.415964	4.823158	4.6386085	5.0243187	4.0189514
SYN-00233	4.8876853	4.9387584	5.3758388	2.587772	4.2705016	3.4383717	3.7052808	4.5241714	4.5750036	2.4564638	4.4984403	3.4563375	4.161852	4.9218493	5.026469	2.1992044	4.2845426	2.82879	3.8897457	4.9782715	4.43262	1.9915428	4.7467356	3.0590131
SYN-00234																								
SYN-00235	1.3532164	4.4799585	1.8407862	4.6295786	3.1568985	2.2490664	2.51078	4.7161055	1.2550118	4.677149	3.9932957	3.8824992	2.2344518	3.833712	2.2696157	5.3860064	2.8225904	3.7264872	2.5782666	3.7371507	1.7070441	4.4469323	3.594421	3.447187
SYN-00236	5.8015575	2.8971987	5.281004	3.4289305	3.4613266	2.351916	5.593978	4.26536	4.083643	3.378823	4.61283	2.6885302	6.169197	3.7877293	5.6293216	3.096971	3.7981346	2.9948947	6.79758	3.4253564	4.424432	2.2053008	3.869359	1.9111209
SYN-00237	6.82394	4.575333	3.7229528	6.0735855	3.8080838	3.806088	6.110353	4.614996	4.4500995	4.564724	4.0471654	3.656782	5.3417196	5.2808743	5.046577	3.1390135	4.406467	4.055538	6.5697646	5.252179	4.0598927	4.584751	4.432466	4.676264
SYN-00238	4.910375	3.5387685	3.6738777	4.8349314	3.3346813	5.8479385	3.8942714	2.454946	4.4693336	4.1734667	3.0450068	6.115132	3.442075	1.7850206	3.6766396	4.549053	2.7225018	6.509801	4.0454707	2.9642622	4.1379204	4.621717	3.5837994	5.9391503
SYN-00239	3.8951254	5.1403904	6.283885	4.9922633	6.4804506	5.0318475	2.668764	4.405421	5.4725513	3.556347	6.469524	4.8820186	3.1632855	5.1589804	6.606916	4.2397103	6.562252	4.0374184	3.669543	4.068601	7.181606	5.216548	6.4917455	4.341189
