patient_id	mrna_feature_000	mrna_feature_001	mrna_feature_002	mrna_feature_003	mrna_feature_004	mrna_feature_005	mrna_feature_006	mrna_feature_007	mrna_feature_008	mrna_feature_009	mrna_feature_010	mrna_feature_011	mrna_feature_012	mrna_feature_013	mrna_feature_014	mrna_feature_015	mrna_feature_016	mrna_feature_017	mrna_feature_018	mrna_feature_019	mrna_feature_020	mrna_feature_021	mrna_feature_022	mrna_feature_023
SYN-00000	7.5824223	7.4487967	7.5968957	9.717832	7.034959	8.060461	6.400266	6.5719485	7.395035	8.63364	7.220236	6.9305277	5.2629213	7.1352367	6.7304688	9.914339	4.622801	6.772639	7.0769606	5.9478145	5.9673886	8.330587	8.781504	9.066172
SYN-00001	8.954527	7.370991	4.979287	8.550115	9.554836	6.2619104	8.765865	9.134277	8.336667	8.338619	8.1847	7.683013	9.706652	9.316086	7.427855	12.091322	6.7572107	7.5389767	8.908229	10.438882	7.925344	7.6234274	9.622516	8.402613
SYN-00002	11.16016	7.0932193	9.095933	10.390308	5.7192616	9.353341	9.927407	5.794534	5.916937	9.219759	4.6978636	11.971409	12.687044	8.447989	7.0371943	11.513403	7.1041574	10.321122	13.502523	7.439684	6.7777042	10.847199	7.259857	9.507831
SYN-00003																								
SYN-00004	7.085945	10.05188	9.489597	6.513949	9.166645	10.897826	9.1922455	8.02959	6.9358463	7.9390264	9.770643	10.22611	8.029619	7.003986	9.91521	5.075941	8.5686655	10.162524	8.122073	9.894065	7.6918488	5.1766443	9.711968	10.556734
SYN-00005	7.018217	13.132128	8.98717	8.244338	7.555233	5.5501842	9.192999	10.377984	7.746462	9.04675	8.937093	5.9081326	8.5105715	10.538759	7.914835	8.636279	10.157799	7.0201645	7.8793335	11.303056	7.163214	6.8539925	9.834839	8.546123
SYN-00006	5.9603767	8.241807	7.3545465	10.962496	9.02999	9.501954	3.8889966	10.477521	6.9558372	5.0691123	6.741172	9.317805	6.364494	9.094642	7.0217657	7.178507	9.372054	9.19462	6.8635645	8.073019	5.9766636	6.873856	8.852628	10.369343
SYN-00007	7.6992764	7.7269177	3.5113368	8.937072	6.1343155	8.376144	8.413926	9.820136	5.1015573	7.4081817	6.688182	7.7291913	10.682547	6.2890015	3.2989264	6.963523	6.1884866	8.857848	6.9984174	8.59064	4.735305	6.8231335	8.039022	7.532259
SYN-00008	9.646835	10.823345	8.755208	9.201263	5.203866	7.320277	10.862268	9.594751	8.304164	8.775742	5.1560054	7.5995307	10.599245	9.96106	6.9481587	9.220652	4.0434275	8.632965	8.809041	10.276043	7.7321258	8.137798	4.134782	8.785315
SYN-00009	6.9219675	5.8432417	9.142943	7.9677844	9.667748	9.968178	9.03325	7.0779753	9.129932	9.745828	10.806883	11.458567	8.263403	7.1281714	9.085091	6.144283	11.134095	11.369392	9.812676	7.4566565	8.697342	6.593637	10.879124	11.417067
SYN-00010	6.2379866	9.1824875	9.236952	11.256373	6.952746	9.545421	7.4369473	11.398075	9.066356	10.410181	6.707978	5.449482	6.0035357	9.063979	8.576839	11.183004	9.024557	8.885468	7.049918	9.280349	7.7584534	13.030445	6.047266	8.290828
SYN-00011	7.979912	7.4492774	5.5648875	7.655618	9.064386	9.465925	8.566479	7.4131336	6.2915034	6.8522367	10.61432	6.668263	9.577025	7.689272	4.526852	5.360831	9.268536	6.1282883	7.976248	6.0719376	5.5017166	6.56437	11.152438	9.260169
SYN-00012	6.806121	10.753932	8.083648	7.8821793	8.397867	7.0029383	6.373311	11.749007	7.412687	9.032552	7.3138676	5.697535	7.0657988	9.509692	7.605222	8.713726	10.557146	8.281208	10.002893	9.290866	10.3966875	10.287047	9.883558	8.597082
SYN-00013	6.061365	9.746475	6.7943587	6.4099483	9.394924	5.9717627	8.902909	6.961591	8.9883	6.646938	8.212304	4.2192163	9.559104	5.9130855	6.249805	6.7939477	8.176834	7.2911034	6.689105	7.493378	8.182614	7.82981	11.1098175	4.8693027
SYN-00014	6.436672	6.556839	9.117323	8.629503	10.548367	8.937971	7.6474714	7.0605145	6.294108	8.992541	12.209913	12.801244	6.6702857	4.931716	6.7690945	8.515273	10.408754	10.942446	7.024209	4.90335	6.2857065	9.370799	10.707621	11.86099
SYN-00015	7.6498437	6.8507566	2.708962	10.455666	12.459049	8.778091	8.711826	9.815644	4.2292895	9.086908	11.808399	8.249678	9.029632	7.276594	3.7378702	10.713576	13.694465	10.860509	10.118706	8.1471	4.0823016	8.488745	13.900734	8.258806
SYN-00016																								
SYN-00017																								
SYN-00018	12.189991	7.7251215	6.8002405	6.149181	8.289491	10.876623	10.401782	4.87115	7.70388	5.376924	4.35115	9.18479	10.436642	7.8113613	7.021611	7.0999446	6.9445467	8.928669	9.844034	7.922006	9.96304	6.0702906	8.113828	9.489796
SYN-00019	7.9814496	2.9414582	2.1412396	7.2091875	11.072367	7.130654	9.714779	0.38405228	3.40631	7.3650203	11.222179	6.840292	8.169342	4.2228575	2.72815	7.2734256	8.257595	8.402067	5.484314	2.7416172	5.0145197	7.817038	8.987034	8.450094
SYN-00020	6.0127583	4.2099633	9.105173	3.5766811	10.731406	11.195461	9.558755	5.116818	7.170079	4.6781473	7.410521	10.325106	6.987701	6.4727945	6.346986	2.627514	11.963514	8.731185	6.952711	4.460397	9.332859	2.57522	8.491846	11.593213
SYN-00021	8.529331	7.9182544	7.3038006	8.500842	7.31174	7.023922	4.852893	10.949431	7.30097	9.109571	8.174513	7.318494	6.0330334	8.653558	6.0161963	8.542764	7.7923183	8.649623	7.4442816	9.823703	5.6996355	9.360442	8.432737	7.548225
SYN-00022																								
SYN-00023	10.299616	7.662672	13.6474695	5.3611217	5.365396	6.3619323	7.6981235	7.120047	9.133177	5.7795925	6.868634	4.1613927	7.3211646	6.9647045	12.099836	5.3921776	8.326803	7.2000513	8.877667	6.5613575	9.201221	6.141242	5.138137	4.932967
SYN-00024	10.032135	9.255895	12.835757	7.5386214	5.8619194	10.812829	9.462673	5.787203	11.151317	9.687968	7.4818068	11.205877	8.316178	7.444475	13.238867	8.270394	6.8905444	8.19536	8.621062	7.567233	11.040547	9.999979	8.945067	8.640911
SYN-00025	7.0643225	6.253155	10.288206	8.365849	10.706852	10.132413	6.7925425	6.9558525	8.261103	5.790601	10.242231	8.31711	7.5237923	5.2467384	10.082646	7.4921994	9.648238	9.343002	7.1082354	8.141246	9.248963	5.5567384	11.526708	9.801892
SYN-00026	7.0293565	8.334612	6.5864077	10.54698	5.754685	3.822276	8.220894	7.402743	8.510162	8.359127	6.426882	4.029664	7.763983	6.8705482	7.1847706	7.7316685	6.6788063	3.8296885	7.8681417	7.671213	8.820697	9.671322	8.067548	4.1603208
SYN-00027	7.1093864	6.7314773	5.0995016	9.547579	7.6235704	5.409364	6.894297	7.047821	6.154651	9.426844	9.307289	5.2800045	9.273516	5.1211643	5.318987	9.429863	4.9433002	4.099864	7.0024786	9.443357	4.261601	9.730431	6.1102414	5.821369
SYN-00028	7.583183	4.9836645	3.722044	9.795125	7.056759	7.7182817	9.473576	6.545579	5.109915	8.284108	8.757146	8.142405	7.6935935	6.9760666	5.7675676	8.134682	4.7209597	9.462511	8.761281	6.0119286	2.3338637	8.210869	4.342124	10.317221
SYN-00029	6.4412246	10.580935	9.118931	8.605941	8.680015	9.8034525	7.1018667	11.16084	9.3703575	8.190959	8.018797	9.333392	6.600834	10.291519	9.092955	7.9349623	6.9607897	11.319771	5.164852	11.017739	9.735092	7.1670094	7.1130257	9.371868
SYN-00030	8.728983	7.1063595	9.578254	4.923613	6.770015	9.442035	6.8494735	8.948098	9.125157	5.6233244	4.365698	8.614696	10.6344185	9.200005	10.324321	6.034502	5.2980638	8.362891	8.875732	6.24666	10.332284	3.7607527	6.730502	8.219079
SYN-00031	8.432378	8.80556	7.6261606	11.062646	6.97571	11.301279	9.568472	9.373325	9.135166	7.996324	5.9691834	8.695856	9.260383	7.859253	7.0466833	8.038818	6.0376563	8.760025	7.732898	8.456734	6.2578754	9.130212	4.281176	8.534623
SYN-00032	10.020296	10.60712	8.200977	9.888651	11.884649	7.968882	7.2328854	11.544458	7.1354227	7.709457	9.744537	8.768014	9.966668	10.157048	8.858646	8.862093	11.248863	8.765821	10.60316	10.036936	6.5420856	6.2391367	11.959439	10.558836
SYN-00033	11.148207	8.757942	9.034406	6.742402	7.800409	8.996649	9.387228	7.213302	9.958514	2.3462	5.227328	8.816782	8.194193	6.087572	8.571634	4.4517374	7.327533	11.026532	8.436297	7.197151	9.167763	5.2991076	6.3580074	8.436916
SYN-00034	2.9453077	7.9914145	8.417872	8.576752	4.3193603	4.4841156	4.4750977	6.9338317	6.313555	10.678061	4.571519	4.3535166	4.7094955	7.756891	8.091183	7.862152	4.2657804	3.4692354	4.6132574	7.1014137	6.4565244	8.577273	5.1214657	4.760306
SYN-00035	10.518278	7.4495597	9.525519	13.78442	10.81111	4.860377	9.366131	8.054608	7.3988547	10.548498	8.5575485	4.9937305	11.096354	9.009256	9.047017	13.03134	8.365389	5.0417366	10.9531145	8.3331995	6.990236	13.133715	10.088068	6.0728383
SYN-00036																								
SYN-00037	10.384897	6.881618	10.758753	6.7873926	10.843227	4.7053547	9.79141	4.43095	11.656841	3.8918934	12.25197	6.5208287	10.558555	5.101082	11.776884	4.811989	11.891767	4.6933136	11.649673	4.9360676	9.845126	7.9360933	11.326632	4.7019634
SYN-00038	10.557144	7.328718	6.5821867	8.141829	8.276834	8.9059	9.596062	6.3869996	7.4354315	10.674774	7.474635	9.842506	11.684031	6.963628	7.328749	8.724022	8.956367	9.053178	10.546723	7.2933397	7.1077027	9.53256	6.8709793	9.704628
SYN-00039	7.791872	10.286908	9.5617895	10.194006	11.21299	7.6513968	8.451326	9.835576	11.688414	11.846216	9.139844	8.78643	8.588943	9.513949	10.077053	12.564027	6.9508233	7.7392383	9.5473385	11.22081	8.828052	12.733843	10.8755045	7.2236023
SYN-00040	7.0838904	6.2826586	6.214053	6.95545	9.296045	10.417231	7.446055	5.4573827	7.3519073	5.310697	8.581198	10.7413225	7.2903996	7.3737683	5.3994265	6.7945876	7.332028	8.7248	8.960921	6.0988355	4.835122	6.885823	9.256846	8.629484
SYN-00041	8.866486	5.224856	11.790004	7.121457	10.905645	6.609605	10.209274	6.4032106	10.92152	8.026476	9.951719	9.654588	9.620814	4.403618	13.274835	8.425257	9.644871	10.260258	7.798924	5.763575	11.254495	6.840273	9.814772	8.273622
SYN-00042	5.6413326	6.230362	1.5308323	10.355926	7.2407937	7.8114567	7.7119384	9.103174	2.8951192	8.431384	10.063177	10.271271	6.3180676	8.170982	2.8073268	8.038696	7.697244	13.004915	7.0005445	5.9433584	0.78391314	6.3612003	7.112629	10.969958
SYN-00043	4.2967424	7.2486634	7.5624714	6.8048563	5.1718426	4.3475	5.7523913	6.932704	7.71631	5.4493117	5.761838	6.40087	4.525913	7.2553	8.012432	5.8451986	7.1899734	7.679723	6.0066886	9.157307	8.760131	6.1725025	4.302003	7.07784
SYN-00044	10.245944	9.951362	3.55894	5.377811	7.729377	8.015137	10.854534	10.439426	3.6362066	7.865843	9.9228735	7.308351	11.461838	9.866346	7.505713	7.1423573	10.141221	9.071489	7.636139	11.101101	4.3153005	7.4259043	9.208931	10.4401455
SYN-00045	4.9038706	5.5413895	5.442204	9.774344	11.66278	8.070918	5.7935424	5.26237	5.504169	10.283894	11.851494	6.157733	5.9682646	5.6534615	6.841428	10.053032	13.4105835	7.7832217	6.783629	6.39531	6.467824	10.057886	12.901024	8.350121
SYN-00046	4.085104	9.25564	11.264627	10.816933	10.298995	9.528057	5.6292953	10.589989	11.941327	10.742649	7.0855103	9.090933	5.927822	7.5803013	12.047306	10.651653	8.652475	8.179866	5.043021	10.690115	10.94897	10.42234	8.641512	10.809881
SYN-00047	7.93386	7.95596	8.658406	6.8266706	5.4559736	7.4240828	9.140315	9.157766	9.199758	4.9894133	7.532883	6.510216	8.238812	9.975726	8.631645	5.9442825	5.40477	5.795903	6.236154	9.883408	9.796984	5.5111647	7.077777	8.171039
SYN-00048	7.070137	7.3664975	10.608446	8.966093	10.63812	8.100811	8.115624	7.4004836	11.643346	6.8885736	10.057488	7.16905	6.6923294	10.443208	9.842939	5.673135	10.039045	9.165329	8.768652	8.713252	12.056639	3.500609	9.657117	8.882097
SYN-00049	1.6228986	6.7812743	6.3299947	8.181883	10.393637	8.379566	3.8308487	6.5969896	7.6823597	8.999537	10.457199	8.064525	1.8978629	9.621629	7.4363904	8.540949	11.122139	5.789623	2.3303785	9.262493	7.027768	10.281342	7.3227983	6.631824
SYN-00050	5.1120605	9.707852	7.382766	7.9377894	6.718483	4.8077064	7.6037393	9.3951025	7.853861	5.3749313	6.3081427	7.57953	5.790109	12.385669	7.8905106	4.2359085	5.953845	8.166725	7.4621677	7.564706	5.913065	7.7501607	6.423353	7.457691
SYN-00051	7.9848433	7.070326	7.414234	9.138432	9.651877	7.6543884	7.7546663	7.507038	7.4033675	9.400021	8.666306	7.8277283	8.831634	7.664295	9.071945	9.347164	8.719641	9.251909	8.621135	6.5944896	7.7359977	7.8467937	10.497335	11.083863
SYN-00052	6.987957	8.345646	8.5638075	10.325639	5.4472084	7.667899	9.558233	5.5888643	7.649332	8.098909	10.466671	8.848431	6.2767158	7.3034897	8.359258	6.6032224	9.799543	9.688809	6.358228	7.2723007	7.806849	6.9330153	8.888051	7.809082
SYN-00053	4.448758	7.90194	12.2592125	3.1016927	6.0540667	6.557496	6.5495563	5.875681	11.895549	4.795109	7.1674285	8.757349	4.522384	5.2754655	12.023031	6.7769785	6.7541056	7.4164634	5.9165745	7.326411	10.993725	6.894573	6.062436	6.8503675
SYN-00054	10.514784	7.9298964	10.2204275	5.6556845	4.3986597	7.5	11.749098	6.8591456	6.965046	4.673691	3.4668622	8.356188	11.35403	8.665543	9.675735	4.721519	7.0068207	9.147968	11.665127	8.333515	9.014374	3.6183949	4.8717256	8.290601
SYN-00055	7.6355076	8.485137	5.490664	12.079918	7.831818	5.1344175	5.823226	9.665069	5.348113	9.873091	12.291807	6.487925	4.2165546	9.125076	6.654085	9.634749	12.197249	6.868641	6.2077723	8.995604	6.3320584	10.640651	11.992617	5.3881006
SYN-00056																								
SYN-00057	6.70202	13.674906	11.548962	3.8835578	7.6770453	9.606709	9.194676	12.574548	11.9257765	6.8667994	10.22747	7.3186307	8.39432	13.898015	12.429973	4.701939	11.330933	8.321833	7.3891616	13.048327	11.887244	4.5223894	8.30551	7.867222
SYN-00058	6.6965404	7.940818	8.42338	7.610278	8.753183	8.3172245	6.9678445	6.054987	7.824611	9.627175	7.0699687	7.7238936	2.9833546	6.9515305	7.5712004	9.925301	7.8577795	7.5135827	7.2381897	7.120297	9.350064	9.802539	10.136152	6.932532
SYN-00059																								
SYN-00060	7.160081	7.867219	8.253454	5.8386593	6.9210496	10.962097	8.389199	7.166575	11.294014	7.504465	5.6978483	8.058065	7.0164104	6.0890584	10.053688	7.9013453	6.334683	8.553887	7.79998	7.939124	9.773883	7.389223	6.2466125	6.4197664
SYN-00061	9.088205	7.554855	6.1654415	4.729456	9.157688	10.883614	8.820848	4.9362593	3.7830753	5.54502	9.682407	10.549688	8.999565	8.842111	5.1253166	6.491108	8.396058	10.933937	8.04408	6.47944	6.7488103	5.568234	10.390283	10.797059
SYN-00062	9.077129	5.93057	8.075824	7.8163276	10.813138	7.0416493	10.517854	7.07139	6.754272	5.9769015	10.059208	7.0933537	13.145336	7.01986	7.5551333	6.3311343	12.311076	6.3244877	10.137932	5.817855	4.867013	5.748101	12.432468	8.705466
SYN-00063	8.956558	6.6346865	8.011583	6.259198	6.398554	5.8595886	9.009498	5.730898	7.885934	5.373352	4.4985943	6.2877975	7.7724276	7.625866	7.9154634	5.8410406	8.83266	6.99276	7.673041	7.993401	8.129935	6.1938076	7.6830845	4.9074106
SYN-00064	3.9037166	9.580316	10.621195	8.578363	10.459602	10.611059	3.3061337	9.670114	8.268085	11.91387	9.809896	9.733985	2.1470118	7.741359	9.26377	9.648791	11.265287	10.587247	2.5420222	8.50867	10.285498	8.595943	10.890408	8.441332
SYN-00065	9.9911785	8.318432	4.06952	8.037412	8.542126	4.770738	6.308189	9.397733	9.177018	11.120028	8.511223	3.8056612	8.635557	9.301511	6.7567005	7.950236	4.646375	4.500378	7.9898353	6.268345	4.5052314	9.061771	7.9246397	3.17372
SYN-00066																								
SYN-00067	9.784149	9.967458	4.93202	7.8910007	5.564406	6.584069	10.58472	10.795927	7.434218	7.0904174	6.1195865	7.801498	9.852531	9.753135	6.0752497	6.409092	6.4403543	9.013776	9.450048	10.133746	7.42845	6.48909	6.615938	6.4059296
SYN-00068	7.6425467	9.606509	7.330844	5.738713	2.4987912	6.205417	6.681285	11.5238495	5.4111805	4.7534876	1.7757883	8.182848	7.3730264	8.544198	6.608565	6.101492	1.9711885	6.6626525	6.9346437	10.004056	7.597077	5.0853662	1.4015503	7.1638994
SYN-00069	7.1010833	5.2180643	10.052569	4.45654	8.356979	8.675579	6.416394	8.597048	6.7991037	5.5596457	8.725669	9.0561075	4.195027	8.033419	8.865239	3.9883595	8.302713	8.138669	5.689019	9.701595	9.049512	4.587552	8.052062	7.0927305
SYN-00070	7.963134	7.985436	8.161856	10.902487	7.023138	12.461547	7.606916	7.378154	7.2785134	7.0311365	9.202881	10.273468	7.948314	7.2738476	9.492707	9.421763	8.399565	8.26264	6.9280825	6.5268545	9.895311	10.570603	9.255681	10.6801
SYN-00071	8.92912	6.736089	9.43667	6.5311117	8.323905	10.504904	6.078919	7.556611	10.006747	7.1490717	7.782444	12.823953	7.5988526	8.158369	7.047671	7.884027	4.317342	9.295526	7.11985	5.6101627	9.858965	7.078686	5.077506	10.571783
SYN-00072	10.272101	6.079954	7.7008233	5.5034723	4.50985	7.250013	9.780681	3.1046352	8.766513	5.6062803	4.8898506	9.631647	10.37517	4.6525764	5.644443	6.3106956	5.1463175	8.193509	8.840219	8.006402	6.577677	4.469983	2.9337487	5.049201
SYN-00073	11.01072	9.096346	11.053822	7.5455065	9.148152	5.3673825	9.604429	8.24759	12.000556	7.2562575	8.151164	6.3702927	10.39472	6.9520864	9.684177	8.311972	8.249714	6.310252	11.4907055	9.842431	10.254406	7.2361965	10.088264	7.883128
SYN-00074	6.815505	10.555504	9.221045	8.4833765	7.386801	10.616153	6.3646183	8.077396	8.922754	9.9780655	6.7704506	10.906708	6.310584	11.257963	9.845596	8.563386	6.527051	9.368368	6.4930434	11.29043	10.328429	10.686901	8.423975	10.207036
SYN-00075	11.634463	7.296421	5.4475107	8.955242	9.567393	5.9233265	12.424505	8.786637	4.7108154	7.717843	9.75704	5.091138	9.548437	10.512943	6.0232983	10.242672	10.693235	6.6469293	11.307046	8.006292	4.938488	8.268366	8.532189	3.0528235
SYN-00076	5.4711895	5.778758	10.444405	6.614626	8.231833	4.975468	6.13823	7.9749103	10.289652	8.871215	11.981037	5.373479	6.6011195	7.0764017	10.707205	7.051994	10.594145	5.901202	6.091138	7.3898416	11.989122	8.398108	12.2976465	4.601115
SYN-00077	10.380223	11.478332	12.062471	6.149675	11.588163	11.4457655	9.863432	10.774973	11.7146015	8.773834	9.804219	9.165281	9.838434	10.836647	11.867765	6.677973	12.220063	10.39398	9.804205	11.158903	12.008465	8.064089	9.551835	10.658757
SYN-00078	9.521727	9.067139	10.528657	11.313735	7.589524	2.033763	9.158191	8.989473	8.049734	10.140144	7.795626	1.1502476	10.2569275	7.855906	10.977049	10.3798065	7.6055856	5.2720747	10.685319	6.097556	10.446945	10.634495	7.1857677	3.090229
SYN-00079	10.190668	11.620342	8.715038	7.5305357	4.349717	5.0485272	11.072161	9.638246	11.240923	7.5075912	6.9647646	5.0550265	9.586854	8.697617	9.475952	6.8826447	8.726429	6.2534833	9.038936	8.8528385	11.283076	8.005478	6.9578094	6.3220377
SYN-00080	12.65758	7.0658054	9.136386	7.909251	4.2629166	9.412455	10.495182	8.121523	9.453595	7.6031785	3.0264301	8.285518	11.207087	6.9378834	10.286829	6.0854897	0.41878223	8.9483795	11.484945	7.0051622	10.358783	9.68808	3.1545653	9.684282
SYN-00081	10.682378	9.849156	8.866358	6.641179	9.022934	6.7382092	10.377702	11.283709	8.85341	7.5418334	8.253527	6.415634	9.292463	11.674263	8.13113	4.5356264	8.1163645	6.893738	10.32754	9.420023	8.167982	8.690463	7.7150893	3.5544438
SYN-00082	5.5372047	7.3394103	9.243953	8.084415	7.3556376	8.189818	7.4585385	10.377895	9.863649	5.7919064	9.088666	8.426844	5.3780837	9.252509	7.4969835	6.756476	7.3507733	8.593945	5.8447638	10.165045	8.398817	6.403898	9.667816	4.658313
SYN-00083	13.443637	7.6322026	10.842666	9.0444765	9.124175	6.755416	11.414654	7.5863147	12.824087	8.455362	9.096388	8.769769	12.834311	7.1896696	8.441558	11.045988	10.019887	11.1165905	11.283898	9.2815275	10.920411	8.006075	9.960193	9.899959
SYN-00084	7.68686	9.24456	6.561942	7.467892	9.4436035	4.509838	6.7149534	5.8911667	5.768526	8.76169	8.842758	3.2075758	8.905812	7.1380973	7.106579	10.16605	10.082696	3.5682964	9.528723	6.6008015	7.0768104	10.903771	8.564645	5.7011356
SYN-00085	6.570724	5.2953963	9.775678	10.760891	6.3721476	10.14883	6.4328947	4.744441	8.1168995	9.902472	9.429939	10.450653	5.7661276	4.589611	9.634717	6.7814074	6.519857	11.493069	6.6969647	6.83882	9.02611	10.21886	7.6792703	9.9031105
SYN-00086	6.8426814	8.303123	10.63199	8.079998	9.406179	5.842244	6.639846	8.659043	7.6662836	8.182203	10.103072	7.993663	8.104616	9.112521	9.269707	8.022383	12.213784	6.92483	6.6519957	9.318339	9.371633	8.347929	10.348576	7.8463736
SYN-00087	8.292277	9.131564	9.623941	11.645458	8.712327	5.535692	7.479492	7.0601597	10.748124	10.7610445	7.103712	3.266316	7.749475	6.938811	9.048709	11.204273	7.5561037	6.4194183	8.406509	6.749014	10.485263	11.0071945	5.6368814	5.665741
SYN-00088	10.937827	4.2797184	8.270296	8.70848	5.633794	6.556557	9.701666	4.2709107	6.2730303	5.8382854	5.3003497	4.79186	10.110601	5.481979	8.297783	7.8416805	3.9306474	5.6156497	9.550405	2.6426005	6.355384	8.176874	4.936326	6.267219
SYN-00089	7.43665	7.4905324	9.049723	7.6794395	9.488519	6.2524047	7.666136	7.27042	8.552162	9.225026	9.282341	3.4729242	6.979619	8.392048	6.365925	7.541516	12.0944	6.6129594	6.828786	6.4138947	6.5509577	8.488697	8.270821	4.432104
SYN-00090	12.769186	6.9236546	7.8025675	10.366964	8.053165	5.532539	9.353309	5.392209	6.4041815	10.449709	6.1502123	7.662431	12.351858	9.78208	7.8429995	9.424821	6.324891	6.197918	9.963147	5.2480097	4.9928284	8.4865885	7.169794	6.7019415
SYN-00091	6.0983033	10.378882	5.910013	6.3615246	3.3983908	8.611251	4.1765666	11.112292	4.7427263	6.955117	5.4111547	6.238919	4.618854	10.780852	5.3523855	4.390901	3.3835182	7.1738133	3.6113396	8.215715	5.76927	5.4270477	2.597005	6.44553
SYN-00092	5.3484583	9.77408	6.8581605	6.6321697	7.0177402	6.6019106	5.0525565	9.868019	5.888812	7.5304294	10.163732	5.9293942	4.372329	10.86533	9.699108	5.108324	10.140498	8.430484	3.5574741	9.572186	7.1338763	4.414037	8.974828	5.9620953
SYN-00093	7.8931055	10.224886	6.301426	8.161725	6.3068357	6.867999	11.0066395	8.923507	5.7432365	6.3062816	7.673138	7.0090966	10.952198	9.958819	5.602537	6.2584243	5.778001	8.676127	7.110454	8.858703	8.587014	7.5865636	5.050967	6.285333
SYN-00094	12.852556	3.2891736	9.420154	7.3063726	7.0065722	10.120366	11.434868	4.1043158	10.740536	8.106766	5.7732925	9.603835	16.62797	4.3754497	8.26056	9.0889015	6.733476	7.8130784	14.673357	4.6717772	11.257796	7.844116	8.221193	7.8231306
SYN-00095	11.008151	6.6601343	6.521513	9.166036	9.081351	9.035333	9.749165	6.1804	8.174326	5.8713503	9.529857	6.464274	9.3383875	7.1198697	10.922134	6.006571	9.123582	7.6194925	9.021229	7.8637376	8.399474	5.7715487	7.0042324	8.44253
SYN-00096	8.011782	7.8840895	9.612494	11.259321	5.989506	8.826562	7.58816	7.49248	8.758572	9.80087	7.1144633	8.549225	9.200912	8.631012	11.532061	10.217081	8.062399	8.036745	9.130466	7.8587346	10.435236	9.607919	6.043849	7.6748257
SYN-00097	12.779524	5.4331446	9.755326	7.3743696	7.231416	7.7495255	12.058134	6.5290313	11.076361	7.071843	9.782439	5.8795605	15.298136	8.968888	10.388248	3.8691082	7.8701057	7.806409	13.300114	5.864147	10.030708	3.1709032	8.384327	8.286242
SYN-00098																								
SYN-00099	6.2545753	3.656106	4.2086463	5.030945	9.976745	13.421861	6.672897	5.9028807	5.655032	7.6763844	12.287412	11.945512	5.0890207	4.04887	3.5392385	5.802449	12.420601	11.712018	7.344532	4.937504	5.5513926	5.3036933	11.459676	12.201143
SYN-00100	6.248308	7.548378	6.7554593	7.2651815	4.938718	9.165663	5.5573344	8.210871	5.7727065	7.07173	7.0357475	9.824764	4.78128	5.7519493	6.404212	6.6825233	5.17255	9.227139	5.1392307	7.2383676	6.27174	9.461697	6.8383546	8.157494
SYN-00101	4.302638	4.584496	5.886204	2.7841935	10.085512	5.429978	8.277946	6.121217	6.8253837	4.1241627	9.019448	6.231531	5.2149973	4.240636	7.1666865	3.0348506	9.322403	8.485144	5.8121567	5.829044	6.913975	3.4012923	10.671275	6.1940565
SYN-00102	12.125183	9.046226	10.2849455	7.001538	10.291823	9.294275	10.1643305	10.781974	10.537396	6.6696053	10.98992	11.734161	11.825596	9.452485	10.805051	7.0056405	11.390762	9.006615	9.658078	7.6476984	10.268799	8.180993	11.100488	10.956979
SYN-00103	5.880659	9.481743	9.608735	8.753948	8.605998	10.503719	7.80093	9.774146	11.773408	6.9081526	6.550333	9.084722	8.156476	8.208834	12.614504	8.785858	6.3153143	9.516147	6.785396	6.7141523	9.095847	9.590728	5.9743056	9.040028
SYN-00104	10.1029	6.680311	7.705421	8.375428	9.843759	7.147189	7.674814	5.967286	7.9675837	5.9889	10.932413	7.5765204	9.366558	5.8283615	8.991772	9.836125	9.746239	7.9803896	11.436309	6.542961	11.100241	8.405269	8.623389	7.4171658
SYN-00105	10.781355	10.897242	7.197197	7.9265513	5.872176	10.248062	8.615341	11.453193	7.165058	8.124084	5.040719	10.593147	11.514049	10.726828	8.764049	9.943313	4.610275	12.154919	10.346159	8.823253	7.0389433	7.059332	7.245033	10.897232
SYN-00106	6.7005215	8.394201	12.293843	12.232474	8.277412	9.059306	6.757332	5.194145	9.731793	8.502138	9.023624	8.651076	5.0238657	7.3491783	10.748699	9.357548	9.578387	9.4766865	6.4167223	6.4948378	9.026201	9.118564	10.9698515	8.041939
SYN-00107	8.184165	6.9076557	10.940933	4.755311	11.820338	5.7215395	6.86102	6.740058	9.103536	4.802058	13.704778	3.9644833	8.109808	5.4671707	10.773066	4.270605	13.098786	3.6730204	7.362685	3.442665	9.13796	5.012603	8.864461	4.6176853
SYN-00108	8.117083	8.302337	8.564263	7.134573	8.870123	9.565101	7.398171	10.244735	8.210987	8.55563	9.054499	11.54711	6.8279696	6.7942057	5.833186	8.1386175	9.189139	9.84581	4.661833	5.5502377	7.1864996	8.676871	8.392306	10.623442
SYN-00109	10.656307	8.953061	7.368392	9.366728	6.6614733	10.092064	9.258584	8.568558	11.161114	8.429734	7.2756324	9.98665	9.6361885	6.94965	9.480766	7.230015	6.659701	6.8304358	11.125303	7.775879	8.286328	8.9446945	7.6194563	7.4634266
SYN-00110																								
SYN-00111	9.651308	7.8421903	5.924064	5.4857974	8.493816	6.817621	8.830463	8.056293	2.2484484	5.720065	7.850577	7.344541	9.885017	6.1706386	4.401047	7.7072735	8.972752	7.8969955	10.334438	6.671653	2.946301	7.72261	7.8412924	7.3318777
SYN-00112	7.1718845	4.1689353	3.2883544	8.443227	8.507498	6.387665	7.0543823	5.2940545	5.050465	11.934681	7.12277	7.9590197	7.912553	8.123486	4.9685574	9.81558	6.964046	6.426198	10.061588	7.261335	5.375553	10.246342	5.955778	8.632624
SYN-00113	4.230563	8.411835	7.459871	8.411973	9.114609	5.2627	6.3877926	6.759352	7.5787716	9.275892	8.403711	7.589947	5.7550983	6.2061257	8.072458	8.433488	10.051344	4.533404	4.257265	7.441487	7.413018	6.679516	10.591104	7.545396
SYN-00114	9.450144	14.138211	7.1561666	10.525489	4.543318	6.71876	7.6825676	11.059151	8.213989	12.817107	2.3903975	6.9613867	6.3423114	10.653639	5.495385	10.774179	5.1287065	6.0050535	5.9170685	11.769197	8.4962435	10.995662	4.488259	6.0392146
SYN-00115	7.884154	9.019274	11.523043	7.4335327	8.878125	2.0270753	9.972626	10.723011	11.667651	5.690461	9.650503	3.405067	10.886262	9.831605	12.112833	6.265893	8.960651	3.7205591	8.247069	7.752929	10.972196	7.825264	10.508963	5.59182
SYN-00116																								
SYN-00117	5.7219853	7.120982	10.240353	9.453436	7.2307005	9.557796	6.487678	6.9880104	8.368379	7.9726744	8.313462	9.657328	6.153119	6.6970377	10.643383	7.753714	8.601722	8.459979	6.0743833	6.95149	9.49876	8.838965	8.069195	9.808327
SYN-00118	11.98715	9.842689	6.656894	5.4031687	7.9313707	8.190773	7.4688697	10.835494	7.803621	5.321365	8.738954	10.99183	11.181658	9.92572	7.0733876	7.260853	6.3162117	7.06486	8.536042	8.482671	8.162302	5.6401243	8.641698	8.348362
SYN-00119	5.047789	3.4818373	9.765017	9.344081	8.618906	8.086544	7.2860217	4.1723413	7.4831586	10.859128	8.496126	7.547468	5.529368	3.796811	7.5426683	10.02028	8.606911	7.4536448	3.9172645	4.509664	10.097828	8.867771	8.759315	6.250043
SYN-00120	8.448889	9.015978	6.3403864	9.2943125	12.924208	9.377199	7.340772	8.549079	7.055784	9.184022	10.191591	8.37819	9.628081	7.120856	5.922633	9.216153	11.143099	8.178665	8.29766	9.103953	5.6947775	8.521549	8.731018	8.750084
SYN-00121	7.0048847	9.571152	7.703048	6.7556996	9.241299	9.034372	6.163282	8.816524	11.050407	6.5784044	10.241909	8.009071	9.486454	10.390598	7.317494	5.4251614	8.858606	9.857807	7.384336	8.203597	7.7731996	4.8460693	9.157593	9.546182
SYN-00122	6.8638487	9.060697	7.4463	5.3342876	11.481852	6.977639	9.850962	8.239021	9.027735	9.070258	10.298217	8.730997	9.44186	10.033777	7.251091	6.2140346	8.595693	9.563166	7.7824254	7.4577913	7.956509	6.795177	9.026897	8.471309
SYN-00123	10.088545	6.942509	8.031897	6.417287	10.997165	8.743115	9.859196	7.579117	4.0528297	7.9284835	9.495148	6.5398364	11.620353	6.899373	7.744453	6.6601596	10.227646	7.100452	11.809383	8.137022	7.797674	6.5112805	9.949225	8.304654
SYN-00124	6.1512156	5.361203	14.406125	8.415472	7.291755	6.003769	7.7297063	7.4037113	13.699526	7.109466	5.3716326	7.899653	9.490541	7.1461124	8.821396	8.133217	7.4430776	7.517341	7.9670734	5.272463	12.646973	8.584271	4.333241	5.7774696
SYN-00125	9.007194	6.4843254	6.0051465	6.3885965	8.847939	10.523118	8.515335	7.449698	5.6010733	8.325646	10.966404	10.478302	11.897329	7.8112707	6.777686	6.5970798	10.340277	8.885197	9.329159	7.605089	2.930952	8.135996	11.567051	10.788755
SYN-00126	10.181725	5.0744348	6.233935	4.0970583	6.4433193	8.175322	10.6177845	8.267799	6.5686607	7.785808	9.7979	7.0075336	9.562257	7.4083323	4.1910706	6.133178	7.3481555	7.5034184	11.405886	6.3602057	5.809857	8.170164	8.041124	7.292588
SYN-00127	8.8031845	6.8908186	7.6520147	5.0923853	9.035086	9.612236	10.238962	7.422204	8.882203	6.8736124	10.366703	7.6581664	10.331225	5.8750653	7.4359593	6.128993	9.727274	7.4577885	10.470737	3.4560103	8.593947	5.6624255	9.321456	8.819611
SYN-00128	9.154561	6.0644503	6.7410326	11.313969	9.825446	8.540193	11.844727	4.4814777	8.525499	11.367105	9.068865	11.256347	10.151493	3.243928	6.72822	8.150158	9.860607	9.477629	11.515152	4.913519	6.302781	11.374205	8.892601	9.611728
SYN-00129	8.609949	7.724893	6.5575075	6.2564554	8.225428	13.394225	8.727488	8.975153	6.241045	9.702312	8.408515	13.472151	8.981535	10.202555	7.1844783	8.647371	10.161835	11.42043	10.3141985	8.66008	8.036242	8.006071	7.947789	11.606924
SYN-00130	8.907401	6.993533	8.889732	8.952388	8.379433	10.337892	7.2816453	8.89283	6.744744	10.047586	7.666168	9.821761	9.154505	10.764311	6.824081	9.1721945	7.8073955	9.615747	10.524748	7.04985	6.404514	8.907162	7.218563	8.483202
SYN-00131	10.133249	10.63517	11.686955	7.1325555	7.1868706	6.1109104	8.445471	12.555002	10.906187	10.2457905	7.6881695	7.329481	7.918977	11.829025	10.447664	8.654847	8.334656	6.023945	11.872721	11.76967	12.966386	7.8886	5.3473125	5.6773033
SYN-00132	9.302015	11.098579	9.7336445	7.9641933	7.5263433	7.9075823	8.910098	9.794331	9.870538	9.028318	7.535659	9.201874	8.102618	10.331176	11.88567	9.589258	7.464828	7.252572	10.631723	8.715463	9.749153	9.574056	7.371649	7.026164
SYN-00133	10.4475155	5.5186996	4.4814377	6.234626	7.725022	8.693533	12.00074	4.440071	6.6847258	1.5548396	7.408496	7.267927	10.441747	5.0274763	5.2811704	2.9900541	6.6104083	6.631559	9.416918	6.403432	2.4630375	2.6824799	6.6462164	8.257453
SYN-00134																								
SYN-00135	9.698029	7.821085	7.758991	9.132571	5.2204285	7.7657228	9.773423	7.669385	5.1806684	6.0212097	5.9754343	6.991991	8.277907	8.0684	7.120181	7.6449094	4.7574453	6.7238646	10.05205	8.512426	6.517501	6.9355545	5.579352	7.5180016
SYN-00136	10.4452	9.037661	8.712429	3.5300422	7.152194	9.846251	10.590336	6.9723005	10.06705	5.514415	6.7965417	10.35167	10.222191	9.489263	7.9119043	5.7920055	6.6555943	8.718918	8.63304	11.306097	8.7988205	6.9526386	6.598001	11.008735
SYN-00137	5.8414	6.600315	8.436325	9.966263	12.356509	8.850849	5.8595676	6.6000533	8.606764	9.672272	9.8102255	9.095053	6.1080403	6.1544814	10.496177	9.355056	10.678898	9.621206	7.579871	8.279796	8.591236	11.293776	11.529836	7.6763644
SYN-00138	8.311619	9.259724	8.398919	8.574703	8.763353	7.5945754	7.6362267	8.208554	10.155266	7.237952	6.8161945	10.292154	5.9072423	8.320023	8.543427	7.776292	8.79451	7.751481	7.4098907	7.9502177	7.9828014	9.221958	6.8325844	9.552221
SYN-00139																								
SYN-00140	13.286053	10.107866	5.892337	10.688635	5.4476767	9.5501995	10.176916	9.463798	7.0614686	12.153687	5.1807	10.022123	11.858271	9.28622	5.2188005	10.408584	5.654415	10.230354	13.140066	8.005436	6.1250696	9.875977	5.504468	9.542091
SYN-00141																								
SYN-00142	4.758082	11.149762	7.661391	11.036007	6.5671964	9.369882	4.631131	11.515943	4.9726334	10.519615	7.8665056	9.731047	3.8654509	9.092331	8.244083	8.878118	5.7633543	9.647005	5.0907464	9.928837	7.2760954	9.138178	8.517598	8.152854
SYN-00143	8.409554	5.173335	6.672694	7.046338	5.624017	8.203316	7.7553444	7.2700114	7.572334	7.5193295	5.5956006	7.123706	8.321653	8.66697	9.176718	9.693282	5.925089	11.360389	7.7104387	6.578564	9.4542885	5.0296583	5.6776075	7.3013954
SYN-00144	6.9712114	9.159114	6.571703	9.167376	11.462265	13.627483	8.885905	9.350247	7.948918	8.786103	8.651161	11.055062	8.599855	8.690296	8.329691	6.9657946	9.617594	11.079641	9.672115	8.941127	11.222217	7.38379	7.636572	11.044486
SYN-00145	6.9060965	1.0960627	5.2082434	7.0588746	8.63309	10.979476	7.149979	0.56570387	5.851427	6.6448283	11.663528	11.441639	7.1913714	3.3259487	3.4201574	8.251837	11.167503	10.53474	5.487103	2.133257	4.942572	5.4427614	9.116507	9.301271
SYN-00146	6.2078905	10.374588	8.481762	7.291419	6.701987	9.125972	8.145751	6.247241	5.9296327	6.265233	7.520273	7.969537	6.1300936	6.0208244	10.051206	6.349474	9.13905	7.8531327	5.909114	7.731216	8.790449	5.866618	7.976422	10.629652
SYN-00147																								
SYN-00148	11.553704	5.917142	7.6882386	8.193937	9.835224	11.820314	8.723409	4.5448713	8.175122	6.3451304	10.6774845	13.515579	11.109352	6.101305	7.245502	8.420849	10.728319	11.281129	10.09816	6.6354465	7.84842	7.8346357	12.793777	10.913824
SYN-00149	10.085373	9.802783	7.7486315	8.3835535	9.8667555	11.049208	10.544932	9.390592	8.682453	7.1275353	8.908634	9.881193	9.526693	10.497522	10.75	6.012464	9.8332405	11.381254	10.310234	12.7613945	8.990878	9.143336	9.907468	9.380139
SYN-00150	9.951119	6.077527	4.2127175	9.829688	4.0946913	9.365251	12.041709	5.69642	5.554212	11.83985	5.274375	7.006399	12.662229	6.1644497	6.500615	11.715654	1.2125182	7.1678114	10.301985	6.719909	8.065558	8.687377	3.9231682	8.885831
SYN-00151	7.582477	10.224908	9.654182	7.6417003	8.712707	6.393364	8.876546	11.410671	6.4514832	9.754934	8.272609	9.985596	7.2479353	10.190465	6.6067867	10.338054	9.444213	7.2842436	5.3721533	12.447802	7.93304	10.176638	7.348797	7.999047
SYN-00152	8.659633	4.5414386	5.8797255	6.6234593	7.710165	6.6720996	10.005315	6.925696	8.9515915	3.5750341	9.089413	6.874444	8.938364	4.575483	6.068532	5.5626345	8.619564	7.2141967	8.756848	4.2917137	6.5544157	7.3556376	8.764767	6.9974756
SYN-00153	7.4988337	11.417768	7.576082	8.892866	6.1237526	10.09864	8.390261	12.529748	5.790021	10.699049	7.3682904	10.36586	9.841351	10.8903675	8.463931	10.198486	6.3176727	11.373632	8.32748	11.525255	8.844356	9.343078	6.4698653	9.803099
SYN-00154	5.8115673	9.034625	7.065682	10.729279	5.554572	7.2649975	5.9970474	10.21576	8.684016	7.7806587	6.492637	7.3309255	7.921759	9.201933	7.8843474	10.918518	5.2064133	7.749962	3.859599	10.256371	8.307365	7.4973683	6.677055	6.5041904
SYN-00155																								
SYN-00156	10.604129	6.554465	9.347324	6.026455	6.627905	8.809681	9.734898	7.0803995	7.9318376	7.9615192	9.998695	8.8041115	12.720215	7.1246686	6.7923255	8.294068	8.83376	8.514678	11.161993	6.808618	7.9879637	5.771664	6.887211	5.915994
SYN-00157	5.485462	10.068678	7.805717	9.173136	7.3525057	10.830483	7.5584984	12.979457	8.1084795	6.2724953	6.737928	10.260565	4.6522093	11.187491	5.848876	7.093461	5.140079	8.708897	8.009716	7.895222	7.794089	8.928027	7.36987	10.083712
SYN-00158	8.82724	7.722968	4.746872	9.113133	7.359103	8.495521	8.411431	6.475995	5.232121	10.19386	8.687838	9.797993	9.333009	8.739046	5.5601864	8.415255	8.528683	10.445144	7.364103	8.253337	4.8759203	8.9703455	8.025866	9.977154
SYN-00159	8.851641	11.443118	7.8162003	12.21261	10.195499	3.6726627	7.48403	8.644092	7.9334354	11.348536	8.058163	6.7918234	7.553111	9.998178	5.9348836	11.386398	8.653543	5.743493	10.065182	9.080198	9.843583	11.336941	9.868497	4.924473
SYN-00160	9.170922	10.334673	8.4699955	7.1072373	8.315895	10.787899	8.188764	9.620454	9.112182	4.888309	8.822397	9.375371	6.193963	10.243149	11.040254	7.022085	10.146395	9.481128	6.9828525	8.411423	8.803528	7.689454	6.6970954	9.249046
SYN-00161	9.285085	5.425169	5.8390007	10.274726	5.9518127	8.762041	9.239508	6.7482677	5.1462617	10.77779	8.226097	9.715987	6.427377	9.329969	3.4797697	12.331241	7.0597563	9.099401	7.828487	10.290404	5.124751	11.057609	6.026019	8.71405
SYN-00162	4.6756134	6.7559347	7.6411686	11.439618	6.6336894	9.37414	3.9135818	6.532138	5.299638	8.282666	8.132691	8.388741	5.864278	5.8736277	6.0254316	9.761551	7.0935326	9.463482	5.9009867	5.906079	6.396927	8.514273	7.723794	8.879611
SYN-00163	13.20181	7.333541	7.6633554	8.188837	6.522988	9.228537	9.683905	8.552912	7.3099866	7.33293	4.3690414	11.075668	12.533284	6.767722	6.7109766	6.644348	4.700213	9.631196	13.045789	9.914679	5.237182	7.4591107	5.914902	9.834415
SYN-00164	10.271966	8.532006	6.072132	4.271069	7.759923	7.63828	8.005503	8.963427	7.4602003	4.4208097	7.3242717	6.951982	8.511597	7.707844	6.4645863	4.2254066	8.840467	7.8169804	8.467695	7.4726996	6.7306643	2.5432463	6.7385254	8.811987
SYN-00165	6.0052443	4.7282715	9.280729	7.957355	5.5937805	5.9459963	5.0828576	6.0623302	5.647233	9.388086	5.1038833	6.297272	5.558381	4.674609	6.37128	10.46487	3.974248	7.454651	6.575177	8.421849	7.1991997	8.617751	4.861972	8.595678
SYN-00166	8.132259	3.144332	5.4627986	7.778652	6.2943344	10.314546	10.36013	4.044986	6.380617	9.272308	8.211061	10.155895	8.927486	2.4899025	8.021043	5.7702217	6.5497684	10.802685	8.494273	4.364832	8.319542	7.3084574	7.9946375	12.220807
SYN-00167	5.7715807	5.7843704	7.889414	7.233382	6.392608	6.0083632	8.617191	6.4423833	7.2212453	8.947816	4.9770813	5.1117215	6.876325	5.4373507	8.075947	6.3871937	6.33004	5.2427044	5.2264366	7.163809	7.152411	8.212128	7.948924	5.423168
SYN-00168	8.440162	7.823002	10.72508	5.736229	6.9028263	2.7511716	8.064176	6.2716694	11.406462	7.465291	8.26285	6.4285774	6.2044697	6.9740443	9.614214	7.5159655	7.76446	6.261356	7.623363	6.575055	10.951721	7.207721	7.6864214	4.763624
SYN-00169	11.509558	7.7369018	7.5218	9.998904	6.8393216	9.463373	9.186435	8.805454	10.778097	8.128176	6.7115536	7.3637466	13.015869	9.300673	11.146616	10.286561	7.411152	8.476863	11.099502	8.788643	8.480256	10.851466	5.560303	8.965879
SYN-00170	5.912074	7.9098434	9.163916	11.047671	5.3176136	10.920086	5.63791	9.98299	10.653346	12.179058	6.0441585	10.445238	5.7316093	8.684877	9.950804	12.221104	6.9690456	11.322511	6.8509226	8.126147	11.815379	12.566269	6.4538155	10.178144
SYN-00171	10.012506	5.513354	8.724795	8.79425	5.7862816	9.682136	7.79453	7.3156857	7.912515	10.432688	4.892416	8.230151	9.993938	4.973808	7.069806	8.327664	7.375556	7.721854	9.205422	6.0238423	7.3077707	11.1586	8.52418	9.4784155
SYN-00172																								
SYN-00173	7.8225174	6.982471	6.6185794	7.999306	6.9333167	8.885126	6.668333	8.42815	7.2378855	9.622808	5.4039135	10.481748	6.063547	7.4644613	5.671265	8.051205	7.59356	9.564614	4.5362005	9.22998	8.509029	5.7533207	6.065922	9.760935
SYN-00174	7.494259	3.699243	11.011904	4.3734894	8.539459	9.2022505	7.086285	5.0536265	11.678264	4.319535	6.267474	11.305853	9.201493	5.9376736	12.193116	5.2633357	6.604007	9.653761	9.61343	5.030857	10.134491	6.139702	7.4482517	8.810438
SYN-00175	5.5069942	10.576021	3.0433607	3.6995826	5.612467	5.2008476	4.9436	11.302868	2.8258138	3.9039755	8.45633	5.8695445	6.4487715	12.293026	5.4030733	3.590846	6.716853	5.1866074	7.0343995	12.1419525	6.9925165	3.8010216	7.4556527	3.8135042
SYN-00176	9.593629	6.394966	8.207316	7.402853	9.573191	8.83893	7.317486	5.7283044	7.933489	7.3217955	8.220514	6.8451285	8.802517	6.1153364	8.101855	8.160546	7.9769225	7.6118655	7.806377	7.8318577	8.5069475	7.960769	7.085793	8.916629
SYN-00177	6.249814	7.8651657	7.0819817	9.858483	6.3057055	9.517489	6.4944363	8.258212	7.5073633	8.542288	3.6823153	8.148748	6.804074	8.126871	5.9596453	9.423884	5.8872766	8.661405	7.384301	7.880614	5.9819064	9.746552	5.4298544	9.305543
SYN-00178	8.542316	6.371315	7.3648067	10.442092	8.349119	10.075538	8.934213	3.6772523	11.4544325	10.618591	4.6429324	10.871279	7.425738	5.004076	11.148796	9.508799	6.36972	9.927354	9.425378	4.191553	6.382202	10.398678	6.1166553	7.481678
SYN-00179	9.179136	6.8500376	9.806997	9.829859	10.369053	3.8435574	9.3836775	6.2402163	8.737014	8.67933	8.730439	4.978528	7.945218	7.7777143	8.27241	6.185694	8.821364	5.157713	7.9905357	7.5133567	9.778958	8.083566	10.876472	5.270575
SYN-00180	8.438576	3.8665075	8.165307	7.5880036	9.785138	9.153762	8.261719	3.9777422	8.0151615	6.651326	9.717594	6.7570996	8.82157	4.109247	6.418584	6.355831	6.661359	6.951983	8.560699	5.492671	7.313261	9.111947	8.349065	5.572081
SYN-00181																								
SYN-00182	8.191721	8.602414	7.8546505	7.9603477	5.4959793	8.052245	8.841772	9.164995	10.102634	4.909979	6.004031	4.994769	7.86465	7.5486374	11.07152	4.0654774	6.462334	8.052621	9.859576	9.584402	9.4254	6.1061745	6.807222	7.7007585
SYN-00183	6.304425	8.581289	6.9209433	8.511492	7.5490017	5.124364	7.99871	8.398722	7.0481052	9.448252	7.186283	4.377604	6.463518	8.297291	4.93812	10.092904	5.743724	6.659045	9.595817	6.9367886	7.200851	10.272882	7.538114	4.9582815
SYN-00184	10.165249	13.364062	9.9217005	4.2269893	5.67871	9.521456	9.347692	12.412157	9.012162	4.182973	3.74502	11.830513	9.147634	12.864198	9.626418	5.432586	4.636055	11.078726	8.718631	12.12177	10.328774	5.4173985	5.4854493	12.29016
SYN-00185	8.139696	7.7153883	6.4237537	10.283858	9.629384	4.713461	7.4830923	9.198862	7.186125	9.681889	9.474184	4.0878706	7.4810762	8.377959	6.0914264	9.317089	9.224295	5.2888885	8.985476	8.679087	6.250269	8.542698	7.903109	4.261964
SYN-00186	7.2439957	8.1766	7.883504	9.682264	3.6800556	6.151277	10.180706	7.9911857	7.7107487	9.343596	8.2360115	8.385224	6.652581	7.823074	5.7613177	7.340695	7.9375725	6.4193907	8.785455	7.904403	8.048009	7.9464264	4.4600434	4.6544213
SYN-00187	10.562225	12.936995	9.789359	7.1210513	9.700162	5.323245	9.712897	13.954025	13.234812	9.846146	10.73946	6.674292	10.272078	10.768111	11.759411	8.49195	10.203419	5.6363735	9.668831	10.396756	13.009636	8.758535	8.541194	8.464205
SYN-00188	6.4782114	6.0696216	7.8525014	10.095125	10.892372	7.6846204	7.620451	5.998641	9.70874	10.560416	6.801247	8.371339	8.427952	6.882619	8.324478	8.962448	7.2154865	7.5702453	7.1011205	5.7257013	8.094865	10.627265	9.672018	7.609115
SYN-00189	6.837155	10.410037	6.616891	8.185615	11.039891	10.047609	6.5206957	8.21227	4.869771	9.194899	9.774012	10.5411825	4.663556	8.617448	6.4065647	7.9607763	10.222617	7.1143413	6.751218	11.592249	5.614137	5.717034	9.1769085	9.226297
SYN-00190	9.498049	10.435551	9.215456	9.88026	5.379177	3.5244856	8.654758	8.92748	6.9305606	7.802324	5.14834	5.1613903	8.772363	8.00696	6.2987103	7.8490243	6.154009	7.732359	8.4408	10.697956	7.496163	9.419075	4.6799545	4.966771
SYN-00191	7.2374225	9.009698	11.102489	6.626484	12.950918	6.813645	7.474448	9.264992	11.432127	6.3149257	10.815428	8.989542	8.333424	7.523418	11.660444	9.556898	11.61074	6.2547264	9.404084	9.408554	11.831783	9.149164	11.320897	5.4087057
SYN-00192	10.557152	10.623253	9.845382	5.9512725	5.407479	6.433365	11.582454	6.933283	10.554415	7.997964	5.438793	6.898158	11.551681	10.78483	11.728621	4.8012776	7.1666	8.084015	11.683766	9.059209	9.637302	5.772064	5.3939037	4.8683386
SYN-00193	11.225312	8.36434	11.412518	7.5471263	10.999634	13.346991	10.152655	11.032911	11.136803	5.277319	10.173717	10.3196	11.459086	10.189906	8.750453	4.3674145	11.704213	11.416215	12.764828	11.580763	10.465411	7.4550943	10.437842	9.5747795
SYN-00194	6.711948	6.4185047	7.6575136	9.14092	8.405723	10.596026	7.314722	6.551494	7.945936	8.127572	8.343773	8.607476	7.1552353	8.045505	6.807414	9.799684	5.6801424	8.109757	7.5660777	5.1388903	6.7308784	11.369558	8.5119915	7.7740574
SYN-00195	6.7227154	9.679383	12.033781	9.178768	7.6814365	10.735809	7.633993	9.712273	9.067096	9.129827	5.6090126	11.584214	4.4462156	12.329041	10.872117	10.587647	5.3309402	10.276346	6.419595	9.268355	9.752764	8.861781	5.64672	7.788548
SYN-00196																								
SYN-00197	5.6179013	5.586791	7.134079	4.2637544	7.8440413	8.770664	5.5105605	6.7249756	6.653338	7.2521815	8.888432	7.043489	4.7696877	3.9307961	7.8350163	6.334566	8.103833	8.475927	3.7001348	6.8158417	6.5977855	5.6618357	9.929707	6.7893343
SYN-00198	9.633764	5.1726313	6.5704517	8.973951	5.9309893	4.881753	6.9741488	6.329233	5.8522463	8.137097	5.888082	6.5172505	7.679651	7.065703	8.685803	9.807255	6.8657784	4.8674426	7.3315988	6.960384	7.3797784	9.8565445	4.969343	7.2666607
SYN-00199	7.198473	11.7492	13.295954	3.5196338	7.262195	8.533414	5.7999835	11.185736	11.201949	4.8540745	7.8912864	8.120763	7.6471295	10.87608	8.994864	3.4248767	7.0384064	5.523111	8.242483	12.554877	11.605657	2.7923632	6.9896064	8.909655
SYN-00200	7.0084267	5.9609537	5.28475	5.618573	4.826083	3.1101575	7.496933	7.3688684	6.8293233	5.9828973	3.9995308	2.8915071	8.834498	7.536287	5.649068	6.845818	6.727564	4.97773	5.630865	7.5362906	7.6204166	6.746476	6.605609	5.8621655
SYN-00201	4.208838	7.172026	10.008887	12.531921	7.3090687	8.336877	5.3307633	9.559857	8.509114	11.6128845	9.444536	11.4990015	6.2431746	8.751743	9.461753	11.649402	4.968011	9.907038	6.3262854	8.826435	9.28025	11.22448	6.1425185	9.151243
SYN-00202	8.166452	5.9402614	8.825287	7.3050904	7.4764466	6.8894844	8.514575	6.218976	9.584688	4.744111	7.6543665	5.9785004	5.958005	6.041258	9.556861	7.5636916	5.4233294	7.3835297	7.511157	7.8101397	8.588594	9.727142	7.2721443	8.059578
SYN-00203	8.6135845	6.9929	7.474315	9.700056	7.463398	5.674923	4.77461	5.8633814	9.4033785	8.482737	6.477783	3.6941838	7.245888	5.615678	8.476101	9.049389	5.715783	5.762036	5.724559	7.137213	7.0310087	7.849925	6.0754905	3.1966848
SYN-00204	9.313395	8.789903	7.9452457	8.24789	9.505638	6.0735836	10.2269945	8.444675	8.286765	9.485439	6.9035497	6.955299	9.253029	8.763008	6.625658	9.408109	8.859948	5.916546	9.4449625	5.9160633	7.476388	7.352338	6.5312223	8.135618
SYN-00205	9.979229	10.4010105	7.2437015	3.7145462	6.65265	9.153885	7.5715413	11.717334	8.342057	2.4228115	8.753444	8.937345	9.860504	11.239155	8.015668	3.1847491	7.309786	8.919519	10.994111	9.142298	8.909868	2.8992949	8.270686	8.384082
SYN-00206	7.062624	9.607969	11.743472	7.6845884	4.859854	10.659354	8.912043	8.505094	9.589083	6.994962	4.2482624	12.441788	8.955917	9.81243	8.464626	7.397566	4.145796	9.658613	6.275091	6.599889	9.41483	8.0771675	4.6346345	11.023428
SYN-00207	10.679321	10.544375	4.3617516	10.566807	6.859535	7.253722	12.521885	9.242985	3.770751	8.956118	8.124603	6.7686467	14.308939	10.584414	4.334188	8.764525	6.4077716	5.04609	11.985536	8.785567	7.1152377	11.123706	7.498457	6.044405
SYN-00208	10.304174	13.628805	7.0196223	6.0320344	5.2030253	7.698372	9.076785	11.608429	9.2573805	8.994432	4.3975954	8.244256	10.434958	12.247805	6.092227	7.6956844	7.0092545	6.8189435	9.456479	13.832511	8.022721	8.797889	4.4618816	7.7838497
SYN-00209	12.586721	8.012333	5.5847464	8.867558	9.314133	6.420244	10.878961	7.66211	7.293954	8.162883	9.061335	6.7065477	13.826422	7.255052	5.2448874	5.8007054	11.1335125	5.8819475	9.744102	7.280937	6.6273146	6.455121	9.366227	6.657118
SYN-00210	9.8754225	4.795066	10.988575	11.626709	6.9083943	7.8083725	10.464785	6.8907156	10.11856	9.302831	7.515875	8.054305	9.338512	7.6143084	9.13872	12.668949	6.906789	8.823885	8.685751	7.0174923	7.159973	10.874781	8.095791	8.799815
SYN-00211	10.95743	7.315628	9.244762	12.112633	5.4427614	6.340542	7.1496267	9.560588	8.182871	10.826658	3.820343	7.08533	9.7238035	10.333016	10.001363	9.535593	3.6811614	8.450361	8.6805105	8.509214	8.562345	10.640838	2.9391198	9.272751
SYN-00212	6.057173	8.691334	10.047222	8.070831	6.7138987	10.005603	6.6380115	8.332258	10.594023	10.378682	8.18074	10.807029	7.332812	9.898429	9.637572	8.39624	8.583484	9.088336	5.2728157	8.869908	10.327096	8.9673815	6.4841776	9.607393
SYN-00213	11.796527	8.710746	8.521852	8.362981	8.995156	9.306256	13.585467	7.844463	6.0220823	7.991952	10.018255	9.347566	13.051865	8.844324	7.3150597	9.605815	9.354006	10.183841	13.420023	7.6423354	8.141967	10.117548	8.411219	9.873236
SYN-00214	8.10903	7.2083225	3.4649186	7.0872645	9.0248165	4.260638	5.227458	5.124984	3.8350759	7.541916	10.075867	5.803243	5.5737586	9.426411	5.7880096	9.360098	8.921488	5.9881105	3.8440418	8.857371	4.9698415	7.0809255	8.879543	4.957736
SYN-00215																								
SYN-00216	3.397337	8.246087	9.37208	5.900668	8.099021	6.386259	4.6493616	8.078143	7.0641975	5.8989096	7.5176234	6.573717	4.075292	8.467527	7.0176454	8.686346	8.690861	7.1913195	4.650508	10.424286	7.562786	4.525369	7.030218	6.4944572
SYN-00217	10.376944	5.724905	5.7893057	8.75162	6.9987555	11.15521	10.604708	5.179677	4.873469	6.085617	7.2681966	12.803711	12.129076	6.900743	5.1728992	4.8243656	6.945793	10.299021	8.3324795	5.3418713	6.420031	7.7596135	5.9653435	11.063005
SYN-00218	7.2087874	11.977184	5.958988	5.9814453	11.046118	6.654561	8.139865	8.653799	7.2627816	5.6711574	8.329441	7.254125	7.37389	9.870971	7.4208927	3.658781	13.311518	8.258936	6.9683247	8.802133	7.510676	3.5751104	13.003302	6.5953436
SYN-00219	6.902718	9.942398	10.437876	8.686686	8.403729	9.378017	9.01872	9.590246	10.05345	8.295333	10.105173	11.32574	2.6431856	9.508345	10.638103	8.476845	9.468549	11.182659	8.589729	10.821602	10.53474	9.764285	10.0191	11.217422
SYN-00220	10.825055	9.438367	9.429862	4.3199234	8.442266	7.2722683	8.991785	9.973892	7.64477	4.104845	7.435897	8.478181	12.019035	11.167818	7.959821	4.556484	9.132134	7.1198883	11.280209	10.048187	8.3154545	1.8959293	8.958379	8.476533
SYN-00221	11.683502	6.8470674	8.038957	8.527636	7.301064	8.550426	11.915008	9.113641	8.435989	6.928723	9.792779	7.1266203	10.509296	9.883171	9.281562	7.3905067	9.204325	9.468738	11.633734	8.57723	7.5428934	6.8717046	9.029311	8.991712
SYN-00222	9.152942	12.444052	8.618735	9.249714	8.987346	8.8740635	10.753935	12.614682	9.158782	8.890769	9.429554	8.863607	8.573154	11.214622	8.539602	10.620229	11.746273	9.127082	10.794399	10.584156	8.500174	10.31681	10.555227	8.490441
SYN-00223	6.64694	5.724452	6.5522156	9.619349	7.4491057	4.842623	7.175507	8.288346	9.272494	11.127529	8.177655	4.1884003	4.43396	7.266866	10.118807	8.64504	8.57849	3.9653225	6.0187464	5.4761567	10.377104	8.604618	8.86978	1.6465416
SYN-00224	6.0544643	5.358907	12.491148	3.0934305	8.243862	9.58334	6.4981236	4.4946723	11.682976	4.261515	7.7177086	10.741162	6.570009	4.0400763	11.005496	5.791871	8.706456	7.2418823	7.3614054	4.868889	10.964208	5.514663	8.901366	10.23125
SYN-00225	6.3026557	4.099453	6.9892063	3.1781306	7.518586	7.0901284	6.711891	4.7998466	7.3030057	3.413404	8.1947365	8.006486	7.6412377	5.2305703	6.523629	4.5802546	7.5777965	6.6190076	5.3193064	4.8400946	8.346429	4.0038705	7.2371616	5.6779556
SYN-00226	9.001197	2.1558943	9.243735	9.007965	8.894013	9.124588	7.9305816	3.8143902	11.447115	9.327343	4.128233	8.138094	7.607411	2.4140673	9.8827305	10.7906685	6.742305	7.5866365	7.7482686	4.4910574	9.304177	9.836433	6.64384	7.5694427
SYN-00227	6.1943154	11.016088	10.398382	9.012079	3.805439	5.0864263	8.502578	10.821801	10.804554	8.405555	3.7175927	5.1340575	10.491768	11.799028	9.806667	8.787993	4.4821644	5.6811075	7.9164658	9.107794	7.7597375	6.8997393	6.267992	5.0410094
SYN-00228	6.4037194	5.962416	7.9841743	9.268108	6.7939606	12.363301	7.298974	6.9765854	6.634532	9.105606	8.591046	8.398664	8.119607	5.990686	6.309037	12.067374	9.0631485	10.312887	9.77451	6.2860103	6.524251	10.707266	9.409705	11.581992
SYN-00229	8.833701	8.995785	5.856654	6.7040854	6.515361	11.157477	7.6806445	7.592321	7.159523	6.903451	7.918906	8.748895	8.769596	8.470595	5.329219	4.7573977	8.148367	7.5623217	6.951803	9.234585	7.8670874	4.371867	7.629932	12.060769
SYN-00230	8.292896	10.072197	6.6595078	6.867923	7.7517257	7.8681545	7.020874	10.080873	4.4978075	8.368765	7.3043685	7.312245	7.0142827	9.904953	4.529861	7.6796813	7.6477213	6.9680595	7.753536	9.313248	6.36697	8.822538	7.089792	8.81674
SYN-00231	8.03279	9.32875	7.1114635	7.654627	9.504759	8.026563	7.7365093	6.318241	6.415208	9.310934	8.00517	6.539188	8.759382	5.7409096	6.9862456	6.8021264	7.9266734	7.9596195	8.282112	8.218204	5.771105	7.8219285	6.9455338	7.049995
SYN-00232	6.9893227	6.530583	11.105633	8.236432	10.051837	9.878288	9.235695	6.186376	12.005123	7.640608	9.737999	9.88329	6.3497615	8.019604	10.304388	7.492372	9.929316	8.623512	6.533944	6.311406	9.891603	8.386774	9.423784	11.048805
SYN-00233	6.914867	8.453615	8.890008	5.231364	9.16762	6.8823395	7.19295	8.00531	10.680127	4.3856087	9.436061	6.1877785	10.81661	9.002691	8.547494	7.2309666	7.926908	5.7835455	7.519482	9.872892	9.43767	5.2037554	9.716273	7.7281427
SYN-00234	6.920601	8.337236	14.457224	5.976674	7.2786665	8.273971	5.322713	7.991773	14.753992	1.8181381	2.7126312	6.154668	8.52125	9.016251	12.685594	5.694831	4.953754	9.878799	7.0082965	7.294453	13.0814295	4.91984	2.4046803	6.9228745
SYN-00235	3.723147	10.268439	3.6105223	9.636852	9.671518	7.0599174	4.824849	7.775832	3.7641373	7.4774218	7.5706134	6.722093	4.3606634	6.1793814	3.9273634	9.625978	7.6516013	4.9596953	3.5225363	7.8601074	4.9113336	8.342416	7.2586126	7.8811407
SYN-00236	10.637534	7.8146963	11.015409	7.0753307	10.530964	4.493935	8.599948	8.471954	9.3117485	7.3534665	8.989557	5.6220665	11.251959	8.519189	7.97546	6.0620785	8.203127	6.39719	10.620293	8.103704	7.235413	6.1253047	7.4823537	5.3227453
SYN-00237	14.109238	11.057373	8.76538	11.394184	8.558995	6.8840113	9.1521845	9.995219	7.3387613	10.347765	7.2753124	8.343214	11.024006	8.851144	9.393808	9.91803	8.864988	6.2635007	11.371759	9.984869	6.4822464	10.543625	8.731586	7.1370573
SYN-00238																								
SYN-00239	9.132866	6.061634	11.682604	7.7505403	13.502267	6.850442	6.3782997	9.157535	13.2085705	9.817008	10.548887	6.1056643	7.2618523	10.730752	12.655905	10.062954	12.304241	7.4888544	7.3828387	10.62137	12.935514	9.226896	11.775154	8.095219
