ablation,fold,metric,primary,ablation_value,degradation_positive_is_worse
no_cancer_conditioning,1,c_index,0.7850380783410034,0.7869776832144872,-0.00193960487348388
no_cancer_conditioning,2,c_index,0.7777968656052099,0.7774677865024022,0.00032907910280766117
no_cancer_conditioning,3,c_index,0.7963570860759408,0.7923609171512992,0.003996168924641608
no_cancer_conditioning,4,c_index,0.7891350258967305,0.7878343630247736,0.001300662871956848
no_cancer_conditioning,5,c_index,0.7795952288048082,0.7718419288287376,0.00775329997607066
no_cancer_conditioning,1,cancer_stratified_c_index,0.6609993255395683,0.6547324640287769,0.006266861510791366
no_cancer_conditioning,2,cancer_stratified_c_index,0.6454569183028335,0.6533163191322757,-0.007859400829442253
no_cancer_conditioning,3,cancer_stratified_c_index,0.6708661417322834,0.6618547681539807,0.009011373578302728
no_cancer_conditioning,4,cancer_stratified_c_index,0.6470399720312318,0.6508856776599464,-0.0038457056287146685
no_cancer_conditioning,5,cancer_stratified_c_index,0.6380244532070012,0.6305069359734475,0.00751751723355365
no_cancer_conditioning,1,ibs,0.13460116182750068,0.1332721040837704,-0.0013290577437302664
no_cancer_conditioning,2,ibs,0.1368185496019908,0.13847677803457437,0.001658228432583564
no_cancer_conditioning,3,ibs,0.13073443425611928,0.12923054227296502,-0.0015038919831542596
no_cancer_conditioning,4,ibs,0.1327019978723302,0.13299942311536178,0.0002974252430315849
no_cancer_conditioning,5,ibs,0.14002694563299148,0.14450408078675567,0.004477135153764189
no_cancer_conditioning,1,mean_time_dependent_auc,0.818744228011904,0.8187182651622817,2.5962849622307438e-05
no_cancer_conditioning,2,mean_time_dependent_auc,0.8114046339221076,0.810258014392167,0.0011466195299405513
no_cancer_conditioning,3,mean_time_dependent_auc,0.8296537344427537,0.8233057160398816,0.006348018402872135
no_cancer_conditioning,4,mean_time_dependent_auc,0.8212384445035954,0.815742561010624,0.005495883492971365
no_cancer_conditioning,5,mean_time_dependent_auc,0.8112915930477423,0.8010782034051425,0.01021338964259988
no_cancer_conditioning,1,mean_cancer_stratified_time_dependent_auc,0.658458654226092,0.6570624662963133,0.0013961879297786917
no_cancer_conditioning,2,mean_cancer_stratified_time_dependent_auc,0.6740885847332052,0.6820034641455549,-0.007914879412349696
no_cancer_conditioning,3,mean_cancer_stratified_time_dependent_auc,0.7159149201039748,0.7009965436296479,0.014918376474326922
no_cancer_conditioning,4,mean_cancer_stratified_time_dependent_auc,0.686497365910098,0.6895168294170441,-0.0030194635069460407
no_cancer_conditioning,5,mean_cancer_stratified_time_dependent_auc,0.6550722683873094,0.6568819411389576,-0.001809672751648228
no_cancer_conditioning,1,integrated_ipcw_ece,0.03172344245323376,0.037093830165759026,0.005370387712525265
no_cancer_conditioning,2,integrated_ipcw_ece,0.03591116243722868,0.03540241395883464,-0.000508748478394043
no_cancer_conditioning,3,integrated_ipcw_ece,0.05273268332032244,0.045543271441951416,-0.0071894118783710215
no_cancer_conditioning,4,integrated_ipcw_ece,0.033677141976982405,0.0364870684825282,0.002809926505545797
no_cancer_conditioning,5,integrated_ipcw_ece,0.02682208289718735,0.033500998069553665,0.006678915172366316
no_pathway_bias,1,c_index,0.7850380783410034,0.7856929215751586,-0.0006548432341552113
no_pathway_bias,2,c_index,0.7777968656052099,0.7858955581014255,-0.008098692496215643
no_pathway_bias,3,c_index,0.7963570860759408,0.794031076036895,0.002326010039045756
no_pathway_bias,4,c_index,0.7891350258967305,0.7898408463630825,-0.0007058204663520362
no_pathway_bias,5,c_index,0.7795952288048082,0.7753795807850095,0.00421564801979879
no_pathway_bias,1,cancer_stratified_c_index,0.6609993255395683,0.666957059352518,-0.005957733812949728
no_pathway_bias,2,cancer_stratified_c_index,0.6454569183028335,0.6652649285113541,-0.019808010208520632
no_pathway_bias,3,cancer_stratified_c_index,0.6708661417322834,0.6640711577719451,0.0067949839603382856
no_pathway_bias,4,cancer_stratified_c_index,0.6470399720312318,0.6514392261974129,-0.0043992541661811435
no_pathway_bias,5,cancer_stratified_c_index,0.6380244532070012,0.6372585174888655,0.0007659357181356574
no_pathway_bias,1,ibs,0.13460116182750068,0.1328733462942721,-0.001727815533228566
no_pathway_bias,2,ibs,0.1368185496019908,0.13546730589575431,-0.001351243706236488
no_pathway_bias,3,ibs,0.13073443425611928,0.12730329343815538,-0.0034311408179638903
no_pathway_bias,4,ibs,0.1327019978723302,0.13240739920584055,-0.0002945986664896483
no_pathway_bias,5,ibs,0.14002694563299148,0.1426646772395364,0.0026377316065449297
no_pathway_bias,1,mean_time_dependent_auc,0.818744228011904,0.8205082791177248,-0.0017640511058207853
no_pathway_bias,2,mean_time_dependent_auc,0.8114046339221076,0.8177672832176444,-0.00636264929553676
no_pathway_bias,3,mean_time_dependent_auc,0.8296537344427537,0.8278995901140238,0.0017541443287298897
no_pathway_bias,4,mean_time_dependent_auc,0.8212384445035954,0.8222503935884992,-0.0010119490849037627
no_pathway_bias,5,mean_time_dependent_auc,0.8112915930477423,0.8059307963720124,0.005360796675729973
no_pathway_bias,1,mean_cancer_stratified_time_dependent_auc,0.658458654226092,0.6663864984310991,-0.00792784420500714
no_pathway_bias,2,mean_cancer_stratified_time_dependent_auc,0.6740885847332052,0.6963273210265987,-0.022238736293393457
no_pathway_bias,3,mean_cancer_stratified_time_dependent_auc,0.7159149201039748,0.7038244375627907,0.012090482541184167
no_pathway_bias,4,mean_cancer_stratified_time_dependent_auc,0.686497365910098,0.6928697199640577,-0.006372354053959639
no_pathway_bias,5,mean_cancer_stratified_time_dependent_auc,0.6550722683873094,0.6545288226706224,0.0005434457166869633
no_pathway_bias,1,integrated_ipcw_ece,0.03172344245323376,0.02350353072456424,-0.00821991172866952
no_pathway_bias,2,integrated_ipcw_ece,0.03591116243722868,0.0466890053061443,0.010777842868915623
no_pathway_bias,3,integrated_ipcw_ece,0.05273268332032244,0.03572740791411027,-0.01700527540621217
no_pathway_bias,4,integrated_ipcw_ece,0.033677141976982405,0.03568222390430717,0.0020050819273247644
no_pathway_bias,5,integrated_ipcw_ece,0.02682208289718735,0.03621085299883,0.00938877010164265
no_reconstruction_objective,1,c_index,0.7850380783410034,0.7798548468595848,0.0051832314814185265
no_reconstruction_objective,2,c_index,0.7777968656052099,0.7752858247224301,0.002511040882779758
no_reconstruction_objective,3,c_index,0.7963570860759408,0.7816320969031387,0.014724989172802072
no_reconstruction_objective,4,c_index,0.7891350258967305,0.7722608117601232,0.01687421413660728
no_reconstruction_objective,5,c_index,0.7795952288048082,0.7837354241625294,-0.004140195357721144
no_reconstruction_objective,1,cancer_stratified_c_index,0.6609993255395683,0.6487747302158273,0.012224595323740983
no_reconstruction_objective,2,cancer_stratified_c_index,0.6454569183028335,0.6376845219106174,0.007772396392216052
no_reconstruction_objective,3,cancer_stratified_c_index,0.6708661417322834,0.6424030329542141,0.028463108778069346
no_reconstruction_objective,4,cancer_stratified_c_index,0.6470399720312318,0.6270830905488871,0.019956881482344646
no_reconstruction_objective,5,cancer_stratified_c_index,0.6380244532070012,0.6591302374400726,-0.021105784233071412
no_reconstruction_objective,1,ibs,0.13460116182750068,0.13696491827388205,0.002363756446381371
no_reconstruction_objective,2,ibs,0.1368185496019908,0.13768652096770276,0.0008679713657119559
no_reconstruction_objective,3,ibs,0.13073443425611928,0.13262188449976653,0.001887450243647254
no_reconstruction_objective,4,ibs,0.1327019978723302,0.1394636805463165,0.006761682673986302
no_reconstruction_objective,5,ibs,0.14002694563299148,0.13985588292382872,-0.0001710627091627559
no_reconstruction_objective,1,mean_time_dependent_auc,0.818744228011904,0.8116948159363808,0.0070494120755232315
no_reconstruction_objective,2,mean_time_dependent_auc,0.8114046339221076,0.8089654514530654,0.002439182469042178
no_reconstruction_objective,3,mean_time_dependent_auc,0.8296537344427537,0.8128984722075493,0.016755262235204404
no_reconstruction_objective,4,mean_time_dependent_auc,0.8212384445035954,0.8034920472701557,0.017746397233439737
no_reconstruction_objective,5,mean_time_dependent_auc,0.8112915930477423,0.8164447413139105,-0.005153148266168195
no_reconstruction_objective,1,mean_cancer_stratified_time_dependent_auc,0.658458654226092,0.6928156263154344,-0.03435697208934241
no_reconstruction_objective,2,mean_cancer_stratified_time_dependent_auc,0.6740885847332052,0.6668992987120913,0.007189286021113905
no_reconstruction_objective,3,mean_cancer_stratified_time_dependent_auc,0.7159149201039748,0.6716760540158678,0.04423886608810701
no_reconstruction_objective,4,mean_cancer_stratified_time_dependent_auc,0.686497365910098,0.6544429635044683,0.032054402405629734
no_reconstruction_objective,5,mean_cancer_stratified_time_dependent_auc,0.6550722683873094,0.6862304753563616,-0.03115820696905225
no_reconstruction_objective,1,integrated_ipcw_ece,0.03172344245323376,0.04242730445305007,0.010703861999816308
no_reconstruction_objective,2,integrated_ipcw_ece,0.03591116243722868,0.026312363344084228,-0.009598799093144452
no_reconstruction_objective,3,integrated_ipcw_ece,0.05273268332032244,0.037018374192099364,-0.015714309128223074
no_reconstruction_objective,4,integrated_ipcw_ece,0.033677141976982405,0.04432518972690858,0.010648047749926177
no_reconstruction_objective,5,integrated_ipcw_ece,0.02682208289718735,0.0343705662839061,0.007548483386718749
no_structured_masking,1,c_index,0.7850380783410034,0.7792328590818146,0.005805219259188754
no_structured_masking,2,c_index,0.7777968656052099,0.761779079716345,0.016017785888864933
no_structured_masking,3,c_index,0.7963570860759408,0.7854088949247298,0.01094819115121104
no_structured_masking,4,c_index,0.7891350258967305,0.7660649066286086,0.023070119268121858
no_structured_masking,5,c_index,0.7795952288048082,0.7725533396426131,0.00704188916219517
no_structured_masking,1,cancer_stratified_c_index,0.6609993255395683,0.6324471672661871,0.0285521582733812
no_structured_masking,2,cancer_stratified_c_index,0.6454569183028335,0.6206896551724138,0.02476726313041966
no_structured_masking,3,cancer_stratified_c_index,0.6708661417322834,0.6191017789442986,0.0517643627879848
no_structured_masking,4,cancer_stratified_c_index,0.6470399720312318,0.6147884861904207,0.032251485840811056
no_structured_masking,5,cancer_stratified_c_index,0.6380244532070012,0.6421094437037247,-0.004084990496723506
no_structured_masking,1,ibs,0.13460116182750068,0.13453694338225172,-6.421844524895359e-05
no_structured_masking,2,ibs,0.1368185496019908,0.1412091764535849,0.004390626851594109
no_structured_masking,3,ibs,0.13073443425611928,0.1320755266899475,0.0013410924338282115
no_structured_masking,4,ibs,0.1327019978723302,0.14051025457944014,0.00780825670710994
no_structured_masking,5,ibs,0.14002694563299148,0.14672674842901828,0.006699802796026805
no_structured_masking,1,mean_time_dependent_auc,0.818744228011904,0.8127731104969509,0.0059711175149531615
no_structured_masking,2,mean_time_dependent_auc,0.8114046339221076,0.7950196654432751,0.01638496847883253
no_structured_masking,3,mean_time_dependent_auc,0.8296537344427537,0.8178668542201809,0.011786880222572793
no_structured_masking,4,mean_time_dependent_auc,0.8212384445035954,0.7958021850773276,0.025436259426267815
no_structured_masking,5,mean_time_dependent_auc,0.8112915930477423,0.8030593126621177,0.008232280385624624
no_structured_masking,1,mean_cancer_stratified_time_dependent_auc,0.658458654226092,0.6738340275329575,-0.015375373306865558
no_structured_masking,2,mean_cancer_stratified_time_dependent_auc,0.6740885847332052,0.6514369369517645,0.022651647781440687
no_structured_masking,3,mean_cancer_stratified_time_dependent_auc,0.7159149201039748,0.6463357830805769,0.06957913702339791
no_structured_masking,4,mean_cancer_stratified_time_dependent_auc,0.686497365910098,0.6435291331030174,0.04296823280708062
no_structured_masking,5,mean_cancer_stratified_time_dependent_auc,0.6550722683873094,0.6714561163943035,-0.016383848006994106
no_structured_masking,1,integrated_ipcw_ece,0.03172344245323376,0.028706584553161506,-0.003016857900072254
no_structured_masking,2,integrated_ipcw_ece,0.03591116243722868,0.028977975007077432,-0.006933187430151248
no_structured_masking,3,integrated_ipcw_ece,0.05273268332032244,0.02760963544251249,-0.02512304787780995
no_structured_masking,4,integrated_ipcw_ece,0.033677141976982405,0.03645987772992188,0.002782735752939476
no_structured_masking,5,integrated_ipcw_ece,0.02682208289718735,0.049932770382318,0.02311068748513065
no_subset_consistency,1,c_index,0.7850380783410034,0.781845434337804,0.0031926440031994074
no_subset_consistency,2,c_index,0.7777968656052099,0.7787294423168953,-0.0009325767116854511
no_subset_consistency,3,c_index,0.7963570860759408,0.786748866677899,0.009608219398041795
no_subset_consistency,4,c_index,0.7891350258967305,0.7851464743934772,0.003988551503253279
no_subset_consistency,5,c_index,0.7795952288048082,0.7795650477399771,3.0181064831102944e-05
no_subset_consistency,1,cancer_stratified_c_index,0.6609993255395683,0.6513601618705036,0.009639163669064699
no_subset_consistency,2,cancer_stratified_c_index,0.6454569183028335,0.6433398103303268,0.0021171079725066377
no_subset_consistency,3,cancer_stratified_c_index,0.6708661417322834,0.6498104403616215,0.021055701370661928
no_subset_consistency,4,cancer_stratified_c_index,0.6470399720312318,0.6468360330963757,0.00020393893485604053
no_subset_consistency,5,cancer_stratified_c_index,0.6380244532070012,0.6409747241213015,-0.0029502709143003347
no_subset_consistency,1,ibs,0.13460116182750068,0.13493564673124672,0.0003344849037460462
no_subset_consistency,2,ibs,0.1368185496019908,0.13391038553479132,-0.002908164067199487
no_subset_consistency,3,ibs,0.13073443425611928,0.13084541788879903,0.00011098363267975087
no_subset_consistency,4,ibs,0.1327019978723302,0.13412105701092453,0.0014190591385943307
no_subset_consistency,5,ibs,0.14002694563299148,0.1397684825614375,-0.0002584630715539715
no_subset_consistency,1,mean_time_dependent_auc,0.818744228011904,0.8173504289632062,0.0013937990486978524
no_subset_consistency,2,mean_time_dependent_auc,0.8114046339221076,0.8121053923441437,-0.0007007584220360963
no_subset_consistency,3,mean_time_dependent_auc,0.8296537344427537,0.8178785023455389,0.01177523209721476
no_subset_consistency,4,mean_time_dependent_auc,0.8212384445035954,0.8163859763480352,0.0048524681555601745
no_subset_consistency,5,mean_time_dependent_auc,0.8112915930477423,0.8127070280308399,-0.0014154349830975965
no_subset_consistency,1,mean_cancer_stratified_time_dependent_auc,0.658458654226092,0.6509382269744228,0.007520427251669126
no_subset_consistency,2,mean_cancer_stratified_time_dependent_auc,0.6740885847332052,0.6731951878857099,0.0008933968474953424
no_subset_consistency,3,mean_cancer_stratified_time_dependent_auc,0.7159149201039748,0.6850873768998915,0.03082754320408332
no_subset_consistency,4,mean_cancer_stratified_time_dependent_auc,0.686497365910098,0.6881436764445321,-0.0016463105344340923
no_subset_consistency,5,mean_cancer_stratified_time_dependent_auc,0.6550722683873094,0.6671492537805007,-0.012076985393191353
no_subset_consistency,1,integrated_ipcw_ece,0.03172344245323376,0.029995532422505643,-0.0017279100307281171
no_subset_consistency,2,integrated_ipcw_ece,0.03591116243722868,0.024704860780199473,-0.011206301657029207
no_subset_consistency,3,integrated_ipcw_ece,0.05273268332032244,0.029995597281365374,-0.022737086038957063
no_subset_consistency,4,integrated_ipcw_ece,0.033677141976982405,0.03503305159984825,0.0013559096228658446
no_subset_consistency,5,integrated_ipcw_ece,0.02682208289718735,0.030010385607637736,0.0031883027104503865
