ablation,fold,artifact_dir,best_epoch,training_seconds,c_index,cancer_stratified_c_index,ibs,mean_time_dependent_auc,mean_cancer_stratified_time_dependent_auc,integrated_ipcw_ece
no_cancer_conditioning,1,outputs\tcga_architecture_ablations_v1.5.9\no_cancer_conditioning\fold_01,35,14089.578891515732,0.7869776832144872,0.6547324640287769,0.1332721040837704,0.8187182651622817,0.6570624662963133,0.037093830165759026
no_cancer_conditioning,2,outputs\tcga_architecture_ablations_v1.5.9\no_cancer_conditioning\fold_02,65,21706.233504772186,0.7774677865024022,0.6533163191322757,0.13847677803457437,0.810258014392167,0.6820034641455549,0.03540241395883464
no_cancer_conditioning,3,outputs\tcga_architecture_ablations_v1.5.9\no_cancer_conditioning\fold_03,47,17130.19648051262,0.7923609171512992,0.6618547681539807,0.12923054227296502,0.8233057160398816,0.7009965436296479,0.045543271441951416
no_cancer_conditioning,4,outputs\tcga_architecture_ablations_v1.5.9\no_cancer_conditioning\fold_04,40,15470.988191604614,0.7878343630247736,0.6508856776599464,0.13299942311536178,0.815742561010624,0.6895168294170441,0.0364870684825282
no_cancer_conditioning,5,outputs\tcga_architecture_ablations_v1.5.9\no_cancer_conditioning\fold_05,18,9734.02275466919,0.7718419288287376,0.6305069359734475,0.14450408078675567,0.8010782034051425,0.6568819411389576,0.033500998069553665
no_pathway_bias,1,outputs\tcga_architecture_ablations_v1.5.9\no_pathway_bias\fold_01,37,14237.687752485275,0.7856929215751586,0.666957059352518,0.1328733462942721,0.8205082791177248,0.6663864984310991,0.02350353072456424
no_pathway_bias,2,outputs\tcga_architecture_ablations_v1.5.9\no_pathway_bias\fold_02,54,18544.426189899445,0.7858955581014255,0.6652649285113541,0.13546730589575431,0.8177672832176444,0.6963273210265987,0.0466890053061443
no_pathway_bias,3,outputs\tcga_architecture_ablations_v1.5.9\no_pathway_bias\fold_03,37,14260.620791196823,0.794031076036895,0.6640711577719451,0.12730329343815538,0.8278995901140238,0.7038244375627907,0.03572740791411027
no_pathway_bias,4,outputs\tcga_architecture_ablations_v1.5.9\no_pathway_bias\fold_04,40,15149.43393778801,0.7898408463630825,0.6514392261974129,0.13240739920584055,0.8222503935884992,0.6928697199640577,0.03568222390430717
no_pathway_bias,5,outputs\tcga_architecture_ablations_v1.5.9\no_pathway_bias\fold_05,26,11589.61313867569,0.7753795807850095,0.6372585174888655,0.1426646772395364,0.8059307963720124,0.6545288226706224,0.03621085299883
no_reconstruction_objective,1,outputs\tcga_architecture_ablations_v1.5.9\no_reconstruction_objective\fold_01,37,14608.744264364243,0.7798548468595848,0.6487747302158273,0.13696491827388205,0.8116948159363808,0.6928156263154344,0.04242730445305007
no_reconstruction_objective,2,outputs\tcga_architecture_ablations_v1.5.9\no_reconstruction_objective\fold_02,41,18409.070026636124,0.7752858247224301,0.6376845219106174,0.13768652096770276,0.8089654514530654,0.6668992987120913,0.026312363344084228
no_reconstruction_objective,3,outputs\tcga_architecture_ablations_v1.5.9\no_reconstruction_objective\fold_03,32,12594.869327783585,0.7816320969031387,0.6424030329542141,0.13262188449976653,0.8128984722075493,0.6716760540158678,0.037018374192099364
no_reconstruction_objective,4,outputs\tcga_architecture_ablations_v1.5.9\no_reconstruction_objective\fold_04,39,15174.230276107788,0.7722608117601232,0.6270830905488871,0.1394636805463165,0.8034920472701557,0.6544429635044683,0.04432518972690858
no_reconstruction_objective,5,outputs\tcga_architecture_ablations_v1.5.9\no_reconstruction_objective\fold_05,41,15560.565013885498,0.7837354241625294,0.6591302374400726,0.13985588292382872,0.8164447413139105,0.6862304753563616,0.0343705662839061
no_structured_masking,1,outputs\tcga_architecture_ablations_v1.5.9\no_structured_masking\fold_01,16,28334.108741521835,0.7792328590818146,0.6324471672661871,0.13453694338225172,0.8127731104969509,0.6738340275329575,0.028706584553161506
no_structured_masking,2,outputs\tcga_architecture_ablations_v1.5.9\no_structured_masking\fold_02,21,32334.179492235184,0.761779079716345,0.6206896551724138,0.1412091764535849,0.7950196654432751,0.6514369369517645,0.028977975007077432
no_structured_masking,3,outputs\tcga_architecture_ablations_v1.5.9\no_structured_masking\fold_03,22,33059.73148012161,0.7854088949247298,0.6191017789442986,0.1320755266899475,0.8178668542201809,0.6463357830805769,0.02760963544251249
no_structured_masking,4,outputs\tcga_architecture_ablations_v1.5.9\no_structured_masking\fold_04,23,34138.11074233055,0.7660649066286086,0.6147884861904207,0.14051025457944014,0.7958021850773276,0.6435291331030174,0.03645987772992188
no_structured_masking,5,outputs\tcga_architecture_ablations_v1.5.9\no_structured_masking\fold_05,16,28761.557942390442,0.7725533396426131,0.6421094437037247,0.14672674842901828,0.8030593126621177,0.6714561163943035,0.049932770382318
no_subset_consistency,1,outputs\tcga_architecture_ablations_v1.5.9\no_subset_consistency\fold_01,36,13288.225509881973,0.781845434337804,0.6513601618705036,0.13493564673124672,0.8173504289632062,0.6509382269744228,0.029995532422505643
no_subset_consistency,2,outputs\tcga_architecture_ablations_v1.5.9\no_subset_consistency\fold_02,38,13849.862209558487,0.7787294423168953,0.6433398103303268,0.13391038553479132,0.8121053923441437,0.6731951878857099,0.024704860780199473
no_subset_consistency,3,outputs\tcga_architecture_ablations_v1.5.9\no_subset_consistency\fold_03,37,13572.48194694519,0.786748866677899,0.6498104403616215,0.13084541788879903,0.8178785023455389,0.6850873768998915,0.029995597281365374
no_subset_consistency,4,outputs\tcga_architecture_ablations_v1.5.9\no_subset_consistency\fold_04,40,14396.921494722366,0.7851464743934772,0.6468360330963757,0.13412105701092453,0.8163859763480352,0.6881436764445321,0.03503305159984825
no_subset_consistency,5,outputs\tcga_architecture_ablations_v1.5.9\no_subset_consistency\fold_05,37,13582.322806358337,0.7795650477399771,0.6409747241213015,0.1397684825614375,0.8127070280308399,0.6671492537805007,0.030010385607637736
